# Resource object code (Python 3)
# Created by: object code
# Created by: The Resource Compiler for Qt version 6.11.1
# WARNING! All changes made in this file will be lost!

from PySide6 import QtCore

qt_resource_data = b"\
\x00\x00\x01\xa7\
\x89\
PNG\x0d\x0a\x1a\x0a\x00\x00\x00\x0dIHDR\x00\
\x00\x00\x14\x00\x00\x00\x14\x08\x06\x00\x00\x00\x8d\x89\x1d\x0d\
\x00\x00\x00\x09pHYs\x00\x00\x0e\xc3\x00\x00\x0e\xc3\
\x01\xc7o\xa8d\x00\x00\x00\x19tEXtSof\
tware\x00www.inksca\
pe.org\x9b\xee<\x1a\x00\x00\x00XtE\
XtCopyright\x00CC0 \
Public Domain De\
dication http://\
creativecommons.\
org/publicdomain\
/zero/1.0/\xc6\xe3\xbd\xf9\x00\x00\
\x00\xd0IDAT8\xcb\xed\xd4=\x0e\x820\x14\x07\
\xf0\x87Q\x04q\xef\x018\x00\xa3\x8b\xc4\x15\x13\x12'\
\x8e\xc1i\xd8\xb8B\x17\x09O\xe2\x15<DIo\x00\
C\xa9\xd5\x05\xf7\xf2\xa9\x8b\x0b\xff\xf1}\xfc\xf2\x92&\
5\xda\xb6\x85\xb1PJM\xc6X\x06\x00\xe0\xba\xee%\
\x8a\xa2\xf7\xd8\xfcj\x0a\xe3\x9c\xe7EQ\xf8\x88xb\
\x8c\xdd(\xa5\xe6\xd8\x8e1ta\x9a\xa6\x9b\xba\xaes\
D\xf4\xa5\x94;\x00\x00\xcb\xb2\x9ea\x18>\x1c\xc7\x09\
\xe28~\xcd\xbe\xb0\x0f\x03\x00PJ\xd9\x88xh\x9a\
\xe6\x9e$\xc9v\x168\x84\xcdE;`UU\x19\x22\
\x1e\xfb0\x1d\x15B\x5c\xf5\xdeZ/\x94ey\x96R\
\xc2T\x94R6\xe7<\xf8\xea\x95\x7f\xc9\x02.\xe0\x02\
\xfe\x05\xec|\x0e\x84\x10\xe1y\xde~\xce2!D\xe8\
\xb5\x0fK\xcax3[\x82p\x9b\x00\x00\x00\x00IE\
ND\xaeB`\x82\
\x00\x00\x01\x85\
\x89\
PNG\x0d\x0a\x1a\x0a\x00\x00\x00\x0dIHDR\x00\
\x00\x00\x0a\x00\x00\x00\x14\x08\x06\x00\x00\x00\xb4\xee\xacV\
\x00\x00\x00\x09pHYs\x00\x00\x0e\xc3\x00\x00\x0e\xc3\
\x01\xc7o\xa8d\x00\x00\x00\x19tEXtSof\
tware\x00www.inksca\
pe.org\x9b\xee<\x1a\x00\x00\x00XtE\
XtCopyright\x00CC0 \
Public Domain De\
dication http://\
creativecommons.\
org/publicdomain\
/zero/1.0/\xc6\xe3\xbd\xf9\x00\x00\
\x00\xaeIDAT(\xcf\x8d\xd31\x0e\x830\x0c\x05\
\xd0o3q\x05\xae\xc1\xda\xb1g!G\xa0[\xe9\x06\
G \x1c\x83\xb5k7\xc4u\xda\xedwhS\xd16\
\xc1\x89\x14\xc9\x96\x9e\xec8Q\xe0\xbd\xefI\xc2\xdaJ\
\xb2\x9d\xa6\xa9\x87\xb1\x14\x00r\xb0\x92<\xe5\xe0b\x9e\
\xe7\xdb\xb2,\x0f\x119\x028\xac\xebZ\xd6u}\x8d\
\xb6v\xce\x0dVe\x0d\x81\x85u\x9b\xeca\xfdm\x91\
\xc2B2:\xe58\x8e\xad\x88\xbc\x90\xc8\xa0\xa9\xeb\x10\
\x912\xc4$\xefQ\xe8\xbd\xef\x00\x9c\xdfi\xd74\xcd\
Es\xd0\xdf0)\xf4\x05\xf7\xd0\x07Z\x08\x00\x8a\xaa\
\xaaL\x14*\x9ah{\xc6]\x14^\xa0\xcb\xf9\x0aO\
ZE\xb1\xad\xb8%\x14P\x00\x00\x00\x00IEND\
\xaeB`\x82\
\x00\x00\x03\x05\
\x89\
PNG\x0d\x0a\x1a\x0a\x00\x00\x00\x0dIHDR\x00\
\x00\x00\x18\x00\x00\x00\x18\x08\x06\x00\x00\x00\xe0w=\xf8\
\x00\x00\x00\x09pHYs\x00\x00\x0e\xc3\x00\x00\x0e\xc3\
\x01\xc7o\xa8d\x00\x00\x00\x19tEXtSof\
tware\x00www.inksca\
pe.org\x9b\xee<\x1a\x00\x00\x00XtE\
XtCopyright\x00CC0 \
Public Domain De\
dication http://\
creativecommons.\
org/publicdomain\
/zero/1.0/\xc6\xe3\xbd\xf9\x00\x00\
\x02.IDATH\xc7\xedV;O\x14Q\x18=\
\xe7\x1b\x1e\x89\xfb\x17$\x06\x8c\x9d\xa2\x04b\x02t\x08\
\xa5Z\xf8\xa8\xd0H2\xbb\x93-4\xd9\x0e[\x1b\xec\
\xd0jsw'\xc1B\x1bl\xd4\xc4J\xb0\x03\x0b#\
\x1a\xb43\xa2\x09\x7fa'\x04\x92\xb9\xc7f\xc7L\x86\
]$\x01\x1a\xe3\xadf\xbe\xcc\xdcs\xce\xf78\xf7R\
\x12Nr\xf5\xe4_\xea\xf5\xfaP\x10\x04\xd3\x00`f\
\xef\xc20\xfcyT\x00\xcb\x1e\x9a\xcd\xe6\xbd \x08\xd6\
\x01\x8cJ\x1a\xf3\xde\x7fp\xce\xcd\x1d\x15\x80\x922\xe6\
\xebi\x9aNT\xab\xd5-\x00h4\x1ag\x01\xac\x99\
\xd9xQI\xa3\xd18ErJ\xd29\x92\xdf[\xad\
\xd6j\xadV\xdb\xe9\xaa \x08\x82\x19\x00\xaf\xb2\xcd\x01\
\xa0R\xa9\xfc\x00\xf0\xda{?\x93\xff\xc19w\x11\xc0\
gI\xf7\x01\x0c\x00xP*\x95\xbe\xc4q<|P\
\x0d\x04\x80\x9d\x08\x90T\x81\xf92\xc9G\xe5r\xf9E\
\x0et\xd6{\xbf\xbc\xb8\xb88RTb\x00\x90\xa6\xe9\
\x0a\x80\xeb\xed\xb4\xfc)8\x80\xab$W\xb2\x98\xa4+\
\x00~\xe57\x07\x80(\x8a\x9e\x03\xd8.\x95JS\x1d\
\x15T\xab\xd5-\xe7\xdcC\x92k\xce\xb9\xb5v\xda&\
I\xce\xe7\xf3of\xe7\xbd\xf7\x9f:\xa5B\xd2G3\
\x1b\x06\xf0\xb6c\x17EQ\xb4df\xe3${I\xf6\
\x9a\xd9x\xb9\x5c~V\xd8\xa4\x9f\xe4^\xc7n!\xf7\
$\xf5wmS\x00h\xb3\xdd\x00\xb0q\x1c3\xb0\x0f\
\xe0$\xd6\x7f\x80\x7f\x04\xa0^\xaf\x0fI\x1a\x954\x1a\
\xc7\xf1\xe0\x81\x00$w%\xf5u\x19\xa6>\x92\xbb\xf9\
X\xe6\xc2\xed\xf8^\xd1\x85;)\xf8jfc]\x86\
\xe9\xb2\xa4\xcd\x02\xf3\xc7i\x9aNT*\x95\x9bQ\x14\
\xdd\x000Ir!S\xb2\x0f\xa0\xd5j\xadJ:\xe3\
\x9c\x9b-0\xbd\x03\xe0t\x92$\xef\xb3\xd8a\x5c\xb8\
\xa7\x08P\xab\xd5v\xe28\xbe\xe5\xbd\x7f\xd9l6\xef\
J\xfa\x06\xe0\x02\x80\x013\xbb]p\xcb\xbf\xbap\xc7\
\x22\x87a\xb8\x99$\xc9%IO\x01l\x03x\x92$\
\xc9H\x18\x86\x9b\xf9\xef\x0e\xe3\xc2<\xea\xa1\xef\x9c\x9b\
#\xb9 \xe9M\xbbN\xd7H\xcegF\xc9\xe3\xb8U\
\xc4q<(i\xba\x0d\xb0\x927J\x9e\xf4\xb5\xe57\
\xe4\xfb\x18\xa6\xf7\xc3\xcf\xaf\x00\x00\x00\x00IEND\
\xaeB`\x82\
\x00\x00\x01\x05\
\x89\
PNG\x0d\x0a\x1a\x0a\x00\x00\x00\x0dIHDR\x00\
\x00\x00\x0a\x00\x00\x00\x08\x08\x06\x00\x00\x00\xc0\xfan\xb6\
\x00\x00\x00\x09pHYs\x00\x00\x0e\xc3\x00\x00\x0e\xc3\
\x01\xc7o\xa8d\x00\x00\x00\x19tEXtSof\
tware\x00www.inksca\
pe.org\x9b\xee<\x1a\x00\x00\x00XtE\
XtCopyright\x00CC0 \
Public Domain De\
dication http://\
creativecommons.\
org/publicdomain\
/zero/1.0/\xc6\xe3\xbd\xf9\x00\x00\
\x00.IDAT\x18\xd3c<s\xe6\xcc\x7f\x06$\
`ll\xcc\xc8\xc0\xc0\xc0p\xf6\xecY\x14q&\x06\
\x22\x01\xe3\xff\xff\xff\x89R\xc8\x82n\xc5P\xb6\x1a\x00\
\xc8\x84\x1c;\x91N\xce\x8a\x00\x00\x00\x00IEND\
\xaeB`\x82\
\x00\x00\x01r\
\x89\
PNG\x0d\x0a\x1a\x0a\x00\x00\x00\x0dIHDR\x00\
\x00\x00\x14\x00\x00\x00\x0c\x08\x06\x00\x00\x00b\x0c\x9d\xfb\
\x00\x00\x00\x09pHYs\x00\x00\x0e\xc3\x00\x00\x0e\xc3\
\x01\xc7o\xa8d\x00\x00\x00\x19tEXtSof\
tware\x00www.inksca\
pe.org\x9b\xee<\x1a\x00\x00\x00XtE\
XtCopyright\x00CC0 \
Public Domain De\
dication http://\
creativecommons.\
org/publicdomain\
/zero/1.0/\xc6\xe3\xbd\xf9\x00\x00\
\x00\x9bIDAT(\xcf\x9d\xd01\x12\x83 \x10\x85\
\xe1\x7f\xa9<)x\x03\xedB\xbax\x03\xf1\xa2\x96/\
M\x98\x09\x06\x09\xba\xe52\xef\x1b\xde\x9a$B\x08Q\
\xd2\xb0m\xdb\xcc\x8d\xf9\xce\x9b\xf7>\x02\x0f\x00I\xcb\
U4\x84P\xe4\x9d\x99\xed\xf9\xd1\xcc&\xef\xfd\xeb\x0e\
\xf6\xc9\xefn]\xd7\xc5\xcc\xe6\xab\xe8\x11\x03bJ\xe9\
\xe9\x00\xae\xa2g\x18\x80\xcb\x9b^\xb4\x85\x15`\x0f\xfa\
\x0f\x030I=\x95r\xa8\xd8\xa5\x94\xe21[\x05\x01\
\xc6q\x9c$\x9d\xdd\xf1\xe7g\xd5\xca\xad\xfa=X\x13\
<A\x9bX\xb3r\xe5\xa6\xd4nv\x9c7\x15:s\
K\xab\x9a\xbdP\x00\x00\x00\x00IEND\xaeB`\
\x82\
\x00\x00\x01\xa4\
\x89\
PNG\x0d\x0a\x1a\x0a\x00\x00\x00\x0dIHDR\x00\
\x00\x00\x14\x00\x00\x00\x14\x08\x06\x00\x00\x00\x8d\x89\x1d\x0d\
\x00\x00\x00\x09pHYs\x00\x00\x0e\xc3\x00\x00\x0e\xc3\
\x01\xc7o\xa8d\x00\x00\x00\x19tEXtSof\
tware\x00www.inksca\
pe.org\x9b\xee<\x1a\x00\x00\x00XtE\
XtCopyright\x00CC0 \
Public Domain De\
dication http://\
creativecommons.\
org/publicdomain\
/zero/1.0/\xc6\xe3\xbd\xf9\x00\x00\
\x00\xcdIDAT8\xcb\xed\xd4\xaf\x12\x82@\x10\x06\
\xf0=f\xd4\x22\x9dw\xf1\x11n\x06,\xbc\x18\x8dW\
\xe0\x92\x08H\xb3hp\x86g\x80\x08\x8d\xa0\xec\xce\x18\
X\x0b\x01\x90\x7f\xc1`\xe0\x9b\xb9rw\xdf/lX\
\xc1\xcc\xd0\x8e\xef\xfbO\xc30\xf6\xb0 EQ\xbcL\
\xd3\xd4;\x97\xcc\xdc9I\x92\xf0\xd24\x7f;}\x0d\
~\x9c\x15\x5c\xc1\x15\xfc\x0f0M\xd3\x0b\x11UsE\
\x22\xa2,\xcb\xe2Y\xb0,K+\x08\x82\x1b\x11\xe1\x14\
\x16\x86\xe1#\xcf\xf3\xe3\xd7c\x7f\xfd03\xb8\xae\xbb\
\xf1</F\xc4\xaa\xbf\xb2\x10\x11\x95RW\xc7qv\
C\xddAp\x0c\x9d\xc3\x98\x19D\x7fc\xb7\xa3\x94\xda\
\x0a!\xceR\xca\x03\x00hQ\x14\xdd\xeb\xba\x96\xb6m\
\xbf\xc7:\x93`\x0b=5\xe3\xb1\xa60\x00\x80\x0f7\
\xd9\x08\xb2N\xd0,1\x00\x00\x00\x00IEND\xae\
B`\x82\
\x00\x00\x02\x97\
\x89\
PNG\x0d\x0a\x1a\x0a\x00\x00\x00\x0dIHDR\x00\
\x00\x00\x18\x00\x00\x00\x18\x08\x06\x00\x00\x00\xe0w=\xf8\
\x00\x00\x00\x09pHYs\x00\x00\x0e\xc3\x00\x00\x0e\xc3\
\x01\xc7o\xa8d\x00\x00\x00\x19tEXtSof\
tware\x00www.inksca\
pe.org\x9b\xee<\x1a\x00\x00\x00XtE\
XtCopyright\x00CC0 \
Public Domain De\
dication http://\
creativecommons.\
org/publicdomain\
/zero/1.0/\xc6\xe3\xbd\xf9\x00\x00\
\x01\xc0IDATH\xc7\xed\x96\xbf\x8b\x13Q\x14\x85\
\xbf;\x8e\xb8\x82 n!\x04\x04\xbb\x15\x0cb\x91\xfc\
\x07Z\xa8\xe0? \x16\xdb\xe4&`!\xd8l!b\
\xc4\x1f\x08\xc2\x0a\x9b\x22yo\x1a\x1b+\xc5f\x0b-\
\xb4\xb3Y%),l\xecD\x18\xb0\xd0RQ\x93c\
a\x22C\xc8N\xc8B\xba\xbd\xcd4\xf7\xbb\x87y\xef\
r\xce3I,\xb3\x0eT*\x95\xab\xfd~\xffD\xbd\
^\xff\xb4 k!\x84\xeb\x83\xc1\xa0^\xab\xd5\xde\x97\
5\xb5\x81\x9b\x92\xde\x007\x9a\xcd\xe6\xc7y\x83\xb3,\
\xbb,\xe96P\x01\x0eJ\xea\xef\xc6N\x04R\xe03\
\xd0\x06\xb6G\xa3\xd1\xadV\xab\xf5u\xba9\xcb\xb2\xf3\
\x92\x1e\x00+\xc0]\xa0\x0a$\xc0\x97\xdd\xd8d\xfc\xfd\
\xe3\xeeq8\x1cV\xcd\xec{\x92$\x1fB\x08\x1b\x9d\
N\xe7\xd0dp\x8c\xf1\x9d\xa4M\xe0\x91\xbb\x9fu\xf7\
gcvT\xc6N\xfe\x00woOTC\x08\xa7\x81\
M3[\x03~\x02?\xcc\xecN\xa3\xd1\xd8\x06\xfeo\
E\x8c\xb1\x8c=\x09\xac\xa7\xb3\x0ey|\x96\x17b\x8c\
O\x81\xc4\xdd\xaf\x14\x07\x97\xd5\x84\xcd\xb2lK\xd2\xc5\
tN\xffd\xb3\x16\xdeeI\xdf\x8aw\xb0\xb4\xda\x17\
\xd8\x17\xd8\x17\xf8\xe7\xa2\x98\xd9\xea\x1eX\x03N\x01\xa3\
y\x02/%=\x09!\xbc\xdaC\x1e\x1c\x06V\xca\xd8\
\xc4\xddw\xf2<?cf/\xcc\xecu\x8c1\xf4z\
\xbd\xe3\xb3&\x8fm{G\xd2=\xe0\xa1\xbbW\xf3<\
_+c\xad\x98\xc9\xddn\xf7X\x9a\xa6\x1b\x92\xd6%\
=N\x92\xe4\x88\xa4\xa1\x99\xbd-\x06\x8d\xbb?\x9f6\
\xc0i\x168jf\xbflV\xe8\x17<\xbd\x06\xfc\x06\
\xf2Yy0\xab\x0a\xec9\xe0\xbe\x95\xbd*b\x8c\xd7\
$\xa5\xcdfskQ\xcb\x0e!\x5c\x02Vm\xd9\xcf\
\x96\xbfs\x81\xf9\xb2_mc\x0c\x00\x00\x00\x00IE\
ND\xaeB`\x82\
\x00\x00\x04<\
\x89\
PNG\x0d\x0a\x1a\x0a\x00\x00\x00\x0dIHDR\x00\
\x00\x00\x1e\x00\x00\x00\x1e\x08\x06\x00\x00\x00;0\xae\xa2\
\x00\x00\x00\x09pHYs\x00\x00\x0e\xc3\x00\x00\x0e\xc3\
\x01\xc7o\xa8d\x00\x00\x00\x19tEXtSof\
tware\x00www.inksca\
pe.org\x9b\xee<\x1a\x00\x00\x00XtE\
XtCopyright\x00CC0 \
Public Domain De\
dication http://\
creativecommons.\
org/publicdomain\
/zero/1.0/\xc6\xe3\xbd\xf9\x00\x00\
\x03eIDATH\xc7\xd5\x97Oh\x5cU\x14\xc6\
\x7f\xe7\xce\x8bqh\x8b\xa3q3\x13p\x11pU\x8a\
\x14\xebB\x5c\xe8\x22\x0b\xb1\x96v\xe3F\x18\x17\x93\xb9\
\xef1\xb1\x03\xb6\x88\x12\xa5\x8e\x09\x1a\xa2b\xa0$J\
\xde{!\xa4\xda\x95\x1b\x0b\xb6\xf8\x07ZED\xc4V\
\x05\xc5\x85\x10\xe8\xc2\xe2\xa4\xa0\x16\x13\xff\xc5\x99\xf7\x8e\
\x9b;a:\xc9T\x84\x19\xa2\x07.\xbc{\xdf\xbd\xef\
\xbb\xe7\x9c\xef\xbb\xf7<QUv\xc2\x0c;d^{\
'\x0c\xc3\xc3\x22r\x0c8\x00\xec\xea\x11\xc6o\x22r\
1M\xd3\xd9 \x08\xdei\x0dJ+\xd4q\x1c\xcf\xa8\
\xea\xd3}vt\xda\xf7\xfdg7\x81\x9d\xa7g\x80\xbf\
\x80\x13\x9e\xe7\x9d.\x95J?\xf4\x02iii\xa9\xd0\
h4\x8a\x222\x05\xdc$\x22\x87\xac\xb5g=\x00\x17\
^T\xf5\xb9 \x08^\xee\xa5\x8b\xce\x81\x97\xc20D\
DfT\xf58p\xb6E\xae\xbb\xdd\x06\xde\xe8W\x8c\
\x93$9\xe5\x1e\x0f\x5c\x97\xe3\x1dcu\x18\x86]\x89\
e\x8c\xb9j\xad]\xee\x0b\xb0\x88\xcct\x9b\xa4\xaa_\
\x01\xcb}\xd3\xb1\x03y\x0b\xf8\xb2\xd3\xe3\xbe\x1e \xce\
\xce\x05A\xb0\x85da\x18>\x04\xec\x13\x91?\xea\xf5\
\xfa|\xadVK'''M>\x9f?\xaa\xaaYU\
\xfd\xc0\xf3\xbc\xc1$I\xee\xcfd2\x9f\x8aH=M\
\xd3GUu\x18\xb8\xd2l6\x97\xc7\xc7\xc7\xbf\xbf\x11\
p\xb7<\xaf\xb8h\xec*\x14\x0aM\xe0\xf5|>_\
\x06N\x8a\xc8\xe5$I^S\xd5\xaa\x88L'I\xf2\
\x99\x88\xec\x07\x067\x81<\xef\xa9\xc5\xc5\xc5\xc3\xe5r\
\xf9\xc2u\xac\x8e\xa2\xa8E\xefo\x81z;h&\x93\
\xa9\x8c\x8d\x8d\xad\xc4qlU5\x02\xd6\xd34\x1d5\
\xc6\xbc\x07\xe4\x8c1\xa3\xe5r\xf9B\x1c\xc7\x13\xaa:\
\xed\x96\x9d\x17\x91W\x81TU\xab\xc0A\xe0G\xcf\xf3\
FJ\xa5\xd2\xfav\x97\xc4^`\xb4\xbd5\x1a\x8d=\
\x00\xd6\xda\x188\x03\xec1\xc6|\x0c\xdc\x0a,\xb4\xbc\
h\xb3\x95\x8d\x8d\x8d\x83\xd6\xdaw\xad\xb5\xef\xd7\xeb\xf5\
#\xc07\xc0\xed\xcdf\xf3\xd0\xb6\xb7\x93\xaaV\x92$\
\xb9\xad\xbd\x0d\x0d\x0d}\xdd\x16\xb2\xc7\x81\xc4\x85\xf1O\
`b\x9b\xcd\x7fT\xadV7Z\x9dZ\xad\xd6\x04>\
t\xdf\x1f\xe9\x96\xe3\xdf+\x95\xca\xb5n\xb9n4\x1a\
\x81\x88d\x5c\xf7f\xc0\x07^i\x9f#\x22\x85\xceu\
\x22RPUDd\xed_\xdf\xc7\x0b\x0b\x0b\xfbEd\
\x02X\x17\x11\xdf\x0dO\xc5q\xbc\xb7#j\x0fFQ\
\xf4H\xab\x1f\xc7\xf1\xc3\xaaz\x04P\x119\xdf\x8d\x5c\
\xdb\xd9w\xc0>\xe0\x22p\x97\x88<a\xad=\x19\xc7\
\xf1)U}\x0c\xf8\x02\xb8WD\x9et\xe4J\x9dS\
+\x80\x02w\xba\x0d\xc5A\x10\xf8\x9d\xa1\xbev\x03\xe0\
5\xe0(p\x07\xf0I.\x97\x9bw\x12;\x96$\xc9\
}\xc0\x88{\xdf\xb2\xb7\x81\x9f\x80\x22\x90\x05~\x01\xe6\
WWW\x9f\xdfR\x08\xf4\xc2\xda\xe4t\xda\xf7\xfd\xe2\
\xdc\xdc\xdc`6\x9b\xcd\xa5i\xfa\xb3\xef\xfb\x8d\x7f:\
\xb9zf\x8e\xd9W\xffS\xc5\x9e\xa8*Q\x14\xad\x03\
\xbb=\xcf\x1b\xeeU\xc9\xb3\x8d\x22\x86\x8d1W\x805\
\xdf\xf7o1Nc\x97\x9cF\x8b}\xab\xa3\x8d):\
f_\xda\xccq\x9a\xa6\xb3\x22\xf2\x80\x88L\x85a\xc8\
\xc0\xc0\xc0\x9b}(\xf6&\x9d\x93\xb3\x9d:~\x11x\
\xa6\xafy\x15y\xc1Z{b\x8b\x9c\xdc\x09s\x1c\xb8\
\x07\xd8\xdd#\xbc_U\xf5s\x11\x99\xf5}\xff\x5c_\
t\xfc\xbf\xf8w\xfa\x1b\xe3\x9b\x8b)\xdf\x9e\x98\xb2\x00\
\x00\x00\x00IEND\xaeB`\x82\
\x00\x00\x03\x8d\
\x89\
PNG\x0d\x0a\x1a\x0a\x00\x00\x00\x0dIHDR\x00\
\x00\x00\x1e\x00\x00\x00\x1e\x08\x06\x00\x00\x00;0\xae\xa2\
\x00\x00\x00\x09pHYs\x00\x00\x04\xeb\x00\x00\x04\xeb\
\x01\xd8*[\x0d\x00\x00\x00\x19tEXtSof\
tware\x00www.inksca\
pe.org\x9b\xee<\x1a\x00\x00\x00XtE\
XtCopyright\x00CC0 \
Public Domain De\
dication http://\
creativecommons.\
org/publicdomain\
/zero/1.0/\xc6\xe3\xbd\xf9\x00\x00\
\x02\xb6IDATH\xc7\xedV1k\x14Q\x10\xfe\
\xe6\xed\xbb\x1cJR\xdc\xc5\x22$\x16V\x82\xc6D\xec\
b\xb0\xb2\x90TF\x91\x8b \x8a\xe1\xb8\xdd\xb3\x09H\
D\x11D\x83}\x08\x92bY\xdf\x85\xb3\xb1\xd1\x14j\
\xe5\x89\x10P\x02I%\x82F\x7f\x80\xc6\xb3\x90\x88I\
\xb5\xd9\xdd\x8c\xcd\xbb\xb0\x84\xbd\xdb\xdd\xc3`\x04\x07\x1e\
\xbb\xcc|of\xde\xec|\xf3\x96\x98\x19\x7fCd\x1c\
\xa0Z\xadv\xb9\xae\xdb+\x84\xc8\x0b!\xba\x99\xf94\
\x80\x9f\x00\x064\xe4\x03\x80\x1c\x11-\x00Xc\xe65\
)\xe5j\xb1X\xdch\xe5\x97\xa2N\x5c\xadV\xbb<\
\xcf\xbbGDg\x00\xf4\x030\xb67\x10]7\x0cc\
\xde\xf7\xfdU\x00\x90R\xf6\x05AP`\xe6\x07!\x17\
\x01\x80\x15\x00\xaf\xa5\x94\xf7\xa3\x92\x88<\xb1\xef\xfb\x0e\
\x11]\x8a\xb21\xf3]\xdf\xf7K!l\x0d@\xef\x0e\
\x98\x01`\x10\xc0\xa0\xe7y=\x00.'-\xf5\xf9\x16\
U\xea\xd6\xab!\x03-KJ\x14\xe9K4\xc1\xef\xfb\
\x83}\xb4?ms\xb9DTc\xe6M\x9dy\x073\
\x8f\x00\xc8\x02\xf8\x08\xe0\xb3\xc6\x1d\x01p,\x06\x9f<\
0\x11\xd5L\xd3<\x17\xd6U*\x95\xe7\xcc<JD\
WL\xd3|\x0f\x00\x8e\xe3\x9c\x10B\xbck\x85OS\
j42o\xa2\xf3\xb6\xbb\xc806\x13\xe0\x93\x07\xde\
m\xd9{\x81\x89\xa8\xa3\x85.\xb3=)\x82\xa0#\x01\
>\xd9\xe4RJqL\x97\xae\x00\xf8\xa4\xe1G\xf5t\
k\x8a\xb7,\x8b\xd2\xd0)\x1b\xee\xc8\x1d\x09\xf6\xeb\x95\
\x14\xff\xbf\xb9\xf6``f^&\xa2\x99v\x1d\x13\xd1\
\x0c3/\xa7\xfe\x11 \xa2!f\x1ej703O\
\x12\xd1?Rj\xcd\xbb\x0d\x9d\xf9U\xcb\xb2\xa8\xc1E\
\xfd\x1c\x0b\xc1\xc7\xc26\xfd>\xaem\xebQ\x1c\x8e\xe3\
q\x1d@\x17\x80\x03!\xdd\xbcR\xea)\x80\x93!\xdd\
\x8cR\xaa\x00`>T\xe6n]\xe6\xef\xed|\xe3o\
\xcc|\x98\x88\x86\x95R_\x1a\x81\xf5\xf3+\x80\x83\xa1\
\xf7%=\xf1\x0az\xefp\xc3G;\x7f\x99w\x00\xf4\
5\xb1-\xc5|\xc2'z\xad\xa6\x9a\xd5;\xa5R\xa9\
\x14\x99yV\x08q\xb6T*-Da\x94R\xa7\x00\
\xbc\x22\xa2\x9b\xa6i\xda\xb1t\x8b\x09LJ\xa9)\x00\
S\x00\xaeY\x96\xf50&\xc1qf~\x04`6\x97\
\xcbM\x16\x0a\x85 u`\xdb\xb6;3\x99\xcccf\
\x1ee\xe6\xe9r\xb9|3\x09M\x94R\xd3\x00n\x00\
\xa8\xb9\xae{qbbb=1\x9d\x1c\xc7\xe9\x93R\
\xbe\xd1\xb7\xcd\xcb|>\x7f;)?\xeb\xf5\xfa-\x22\
z\x01`$\x9b\xcd.:\x8es(\xd1\x89\xe7\xe6\xe6\
\x86\xb6\xb6\xb6\x9e\x01\xe8\xd1w\xee\xb0eY\xbf\xd2\x0c\
\x07\xdb\xb6;\xa5\x94\x8b\x00\x8e\x03\xf8\xc1\xcc\x17\xca\xe5\
\xf2\xdb\xd4\xcd\xb5\x1b\xf2\x1b\xccUDdpq(\x1a\
\x00\x00\x00\x00IEND\xaeB`\x82\
\x00\x00s\xfd\
\x00\
\x00\x01\x00\x04\x00\x10\x10\x00\x00\x01\x00 \x00k\x02\x00\
\x00F\x00\x00\x00  \x00\x00\x01\x00 \x00\xe3\x06\x00\
\x00\xb1\x02\x00\x0000\x00\x00\x01\x00 \x00-\x0c\x00\
\x00\x94\x09\x00\x00\x00\x00\x00\x00\x01\x00 \x00<^\x00\
\x00\xc1\x15\x00\x00\x89PNG\x0d\x0a\x1a\x0a\x00\x00\x00\
\x0dIHDR\x00\x00\x00\x10\x00\x00\x00\x10\x08\x06\x00\
\x00\x00\x1f\xf3\xffa\x00\x00\x022IDAT8\x8d\
\xa5\x93;kTa\x10\x86\x9f\x99\xef;\xd7\xbdo\xb2\
\x89\xc4@\x82\x89x\xc1F,\xacD\x0b\xb1\xb3\x10-\
\xf5G\x88\xa0\xad\xad\xfe\x04[mmSX\x88\x8d\x85\
\x85\x17\x10/\x04\x04c\xbcn\xeezv\xf7\xec9{\
\xceg\xb1\xa2\x88\x18\x0b\x87\x81\xa9\x9ey_xg\xe0\
?K\xee\x1f\xb8y\xb5L]\x92\xacl?xF\xf0\
\xfa\xd2\xb5\xc3\xb3R\x8fNiQ\x1c\xdf\xb9\xf5\xb69\
z\x9fN\xfdAy\x8a\xc4\x8a\x04\xe6\x89\xcd\xd6\x077\
4\xb0L\x9fY\xe0l3x\x1c\xcc\xb6\x8f\x95\xfd!\
\xfe\xdc\x04[\xba\xf2\xca\xc1\xa1\xdf\x14}E\x22EB\
\x83Fz\xdaf\x1b}\x00\xfcN\x05)G.\xfb\xb4\
\x8d\x18%_\xfb\x86\x0a\x14\x7f\x87\x91P\xd1\xca\xfeI\
\x82\xe9*\xf9v\x8axFP\xc16c\xf2\x8d\x04D\
w\x85%2\xa8zJ0U%\xeb&\xe4\x9b\xfd\x91\
\xe8/\xa8,\x8a]a\x09\x15-\xf3\x12\x8c\x82@\xb6\
\xd1\x1f\xf9{\xea\x94\xc3\xfc\x9f\xca?\x1d\x98\xc8C\x8c\
\xe0F%8@\x15W\x94\x00\xa8ov\x87CE\x8b\
~F9\xc81\xd5\x00\xbfS\xb5e\x9aaj\xe1x\
Adv\x85%4\xd8\xf4\xe3W\x10\xa1\xb28A\xb8\
\xb7\xee\xe7\xeb\x09\x1ax\x84s\x93\xf4\xf4\x0b^'\x04\
\x0bN\x1c\xa6\x15\xa05\x0f\x97\xe7H8vgE\x05\
W:l\xc5\xa7\xb7\xdcM[\x8b\x11N\x15\x9cCc\
\xcb\xc2\x9d\x0b\x14\xdfR\x8a~\xce\xe6\xdd\xe7\xd8v\xc4\
`\xb9\x8b6}\x8a\xde\x00\x0d\xa6k\x98\xd8g\xb8\xd6\
#^\xe8\x84\xe2\x19L=d\xf0\xa6\x8b\xb3\x0e\x14V\
\xae,\xa1\xa1\xa5vb\x1e\x7f\xb6\xce\xe4\xc5\xa3\xcc\x5c\
>Itp\x0a\xf5;\x15\xe2\xf9\x16\xe9\x87\x1d\x06\xab\
[Y0\xd3\xc4\xe5\x05\x1axH0N\xa7u\xee0\
\xfeL\x8d|=\xc1NW\x08\xf7\xb5q\xa3\x02\xaf\x13\
c\xf3\x9dt]\xadN\x02\x94\xfdQ\xe1J\x87X\x83\
iXLhX\xbb\xfd\x14S\xf5X\xbd~\x0f\x89\x95\
\xe1\x87\x0d\x86\x9f\xb7\x10\x85\xbc\xfb\xf5\x9d,quV\
\xdb\xe1y\x7f\xaaq\xa2qh\x22n\x1f\xa9g\xea\x9b\
GE:z8|\x99\xbc\xc8\xb3^\x09\x8dq7~\
\x1c\xc7\x8f\xb9\xb6\x99$\xff\xfb\xcd|\x07\x98@\xcc\xdf\
\xcb\xb2\xe2>\x00\x00\x00\x00IEND\xaeB`\x82\
\x89PNG\x0d\x0a\x1a\x0a\x00\x00\x00\x0dIHDR\
\x00\x00\x00 \x00\x00\x00 \x08\x06\x00\x00\x00szz\
\xf4\x00\x00\x06\xaaIDATX\x85\xe5\x96\xdbo\x1c\
W\x1d\xc7?\xe7\xcc\x99\xdb\xce\xae\xbd\xb6w\x1d;\x89\
\xe3:.ID\x94\x02uH\x81\xaa\xa5\x17\x14\x894\
B U\xbc\xc0KE\x1f\xe0\x1f\x88xA\xca3H\
 \xc4c\x91\x10 \x88\xa0\xf0\x00\xa8H\xa8\x09j)\
\x94\xe6\xd6\x16RY\xa6q\x92\xc6\x97\xf8\xb2\xeb\xf5\xde\
fv\xee\xc3\xc3\xac\x93\xa6jP\xd0\x96'\xce\xd3\x99\
s\xf9}\xce\xf9\x9d\xef\xfc~?\xf8\x7fo\xe24\xa7\
\xe51(\x02m\x80\x13\x9c\xfe\x8f\x1bn\x9d\xfeC\xc1\
w\xfd9\xef\xe5\xcdC\xfe\xdb\xed\xd1\xfb&I\x89T\
\x80.A\x81PZ'1\xd3_\x8b7N\xfc\xe4\x92\
4\xb59\x92\xb4\xe6]o\x9co\xcfo\xfe\x994\xfd\
\xbbO\xe1\xcd\xafr:\x5c:ufw,\xe4\x9cV\
\xb2\x9f2&\xcbO'np0\xf5#\xa3w\xb1y\
\xbe\xf3\xe2\xd2#\xf7\x07\x17\x08%\x10\xba\x00\x95\xf7Q\
\x12\xa9\x8bK\xca\xbd\xba\xf5p\xd4\xf4 \xa3jO\x0d\
\x9f\x9c\xfc\xf2\xe1\x93A\xcd\xa5{\xb5\x1e,\x7f\xe7\x95\
\x9bzI?`\x00\xa9\x1f\x11\xac\xb7\xb0\xf6\x8d\xa1\x15\
\x0c:g\xd7\xe2A\xe0\xfd\xef9\xe5]\xab\x0b\xadh\
 ME\xb0\xde!j\xf9T\x9e\x9c\xa503b\xba\
\x0b\xeb\xc2\x1a\xb7\x91\x86\x22KRHR\x90\x82\xa4\x17\
\x92\x05I:\x08<\xef\x0b\xa1\xb24#n\x07@\x90\
o\x12\x02\xf9E\x85w\xbdA\xa14\x94eiF\xb4\
\xedA\x96\x81\x80\xd4\x0b@\x88\x81n\xde\x87#\x94@\
~\xd0\xd8\xc8#S\xac\x9e\xf9\x07BI\xe2\xa6\x97\xa4\
^\x98\xc3\x01s\xb2L\xb8\xde\x22\x5ck\xa2\x8d\xda\xfa\
\xa0p\x94D\x8e=\xf6\x00F\xc5A\x1f- 4\x89\
^\xb6\x88\x1a^\xdf\x1bw\xdb\xd5\xca\x05\xc8\x80\x0c\xa4\
\xd2>\xdc\x0d\xff\x05\x5c\xe8\x02%-EXw\x11R\
0\xf6\xc4~\xdc\xc5-\x8c\x8a\x83\xbf\xdab\xf2\x0bG\
\x0a\x04\xbd>]\x92\x851\x89\x9b?U\xb4\xd9\x0d\x07\
\x85\x0b%PR\xd7\xd0\xcb6Q\xb3\x87P\x12wq\
\x0b\x80\xb0\xee\x22M%\xa3F\x0e\xb4\xa6+\xf8K\x0d\
\x10 -\x03\x94\x14\x83\xc2Q\x02Y{\xf9*\xe5c\
{q\x0eT \xcd0\xaa\xf9s \x04\xe1F'\xd2\
\xc7\x8aH[G+YHS\xa19\x16Y\x10A\x9c\
f\x83\xc2\x85\x92H5d\xa1Y:\x85\x99Qj\xe7\
\xae\x11\xd6\x5c\x92n\x801V n\xf7bcr\x98\
,JI\xba>I\xc7'\xed\x85H\xfb}\x1e\x18\x00\
\x8e.\x90a\xdd\xc5{o\x1bsW\x11\xa3R\xc0\xa8\
:\xa8\x92I\xd4\xec\x117\xbd$\xde\xf6p\x8e\xec!\
nzh\x8e\x890\x15\x89\x17\xe4\x1e\x18\x10.\x94@\
i\x8e\x8145\xe2v@Xs\xfb\xea\x17\xe8e\x0b\
5\x5c\xd0\xc2\xf5\x16\xf6\x83\xe3\xc4M\xef\xae\xf7F\x97\
bP\xb8P\x02iV\x1d\x9c\xd91R?b\xf8\xe1\
=\x18\x15\x07!\x05\xd1v\x8f\xb8\xe5%HA\xda\x8b\
\xb0g\xc7\xd1\x1c\x13\xadd\xa1\xd9\x06\x22#\x1b\x14\x8e\
\x12\xc8\xf2\xb1)j\xe7\x16i^Z\xa503B\xea\
G\xa8a\x0b\xa3\xe2\xa0\x86\x0bZ\xf1\xc8^\xbaWV\
\x90\x96\x8e\xd0$\xechO\x091(\x5c(\x89l]\
^%\xac\xb9\x84u\x97`\xa3\x8b\xb4uD__\xc6\
\xae\x92\x11\xd6: \xc0[XC\xaf\x96H\xdc\x80\xc4\
\x0d\xd0\xab\x05}P8\xba@F-\x1f\xa3\xe2`T\
\x1c\xdc\xc5-\x86?\xb5\x9b\xb0\x9e\x1fH\x0d\xd9Z\xb0\
\xdc \xf5B\x84\xae!\x94\xc4\x9a\xae\xe0\x1c\xd9K\xea\
\x85\xf1\xa0p\xa1\x04*\xac\xbbw\xc4%\x04Y\x921\
\xf4\x89I\x9c\xd91\x92N/\xd6\x1c\x13\xfa\xe9\xd8\xfb\
\xd7:\x85\x83\x93\xa4\xbd\x88\xc4OR\xa1\x0b\xb4!\x03\
ak\x08M\x90\x86\x09\x88\xec6\xc8>TEM8\
\xb8\x97W\xeey uW4\xcb2\xea\xe7\x16\x99z\
\xee(\x8d\xd7n`\xdb\x91o\xef-\xde\xbd$M\x11\
\x9aDH\x10J0\xf5\x83\xe3\x0c\x1f\x9f\xcd\xe7\xe2\x94\
\xde;\x9b\xac}\xff\xaf\x04\xefmS\xfd\xc6\x1c\xf6\xc7\
\xc7Y\xfc\xfa\x99{zC\xd9S\xc3$\xbd\xb8o<\
#n\xf9h\xb6N\xfc\x81P/\x0c\x85^. t\
\x8d\xa4\xddC\x9f,\x19\xd1B\xf7v2\xad\xfd\xf82\
\xb2\xa03\xfa\xeca\xa6\x7f\xf8\x0c\xd7\x9e\xff-\xdb\xbf\
\x9f\xa7{~)W\xbb\xa5(<4\x81,\x1a\x04K\
\x0d\xe2\x96\x87\xd0%\xaax\xb0J\xed\xecb\xfe{\xeb\
\x1aS\xcf\xcd\xb1\xf1\xd2\x02\xbbN\x1c\xc4(\xe5q\x02\
 \x0dc\xd4\x88\x837\x7f+OF57\x14J\xdc\
\xae\x0d\x1a/\xbeC\xdc\xf1I\xbc\x90\xf1\xe7\x8f2\xf4\
\xf8\x0c\xc5\xb9=X\x07\xabt//1\xfd\xbd\x93\xa8\
\xb2M\x96\x814\x15\xb7~\xf4\x0a\xbd\xeb\x9bH\xc8\x07\
\x00\xaa\xc7?\xc6\xea/\xdf\xa6ws\x9b\xe5\x9f\xbd\x89\
\xf5\xc0\x88\xb5\xa3z5d\x13mu\xef\xc4\x22-\x17\
\x5cn\x81\xdb.\x0eW\x9a\x00\xe8\x95B>' M\
\x12\xea\xbfz\x8b\xcd\x9f_d\xfd\x85\xbf\x01P\xfc\xf4\
\xbe\x5c\x03\xed+\xeb\xec\xfd\xda'\x89\xdd\x10\xef\xc6\xf6\
\x9d\xb7\x8eS\x127L\xb4\xa2I\x1a\xc4\x98S\xa3\xf4\
\xaen\xb0#\xcaH\xeb\x09\xa1\xdf\xf1\x80P\x12\x0cA\
\xe9s\xd3\x00\x04+M\xcc\xfdy\xd1l\xec\x19b\xe2\
\x9b\x8f\xd2[\xac\x117\xf2\xd4/M\x95\x1f K2\
\x92 !\xda\xee\xd1\xbc\xb0\x8cV\xd01*Nn\xe4\
V;\x1c\xf9\xfc\x0c\xd2\xd4\xe9\x5c\xbcA\x16'\xf9\xed\
M\x1d\xb4\xbe\x90\xfa\x1a\x98\xfc\xf6\xe3\x18\x13%\xcc\x99\
\x11z\x0b\x9bt/-3\xf4\xc4~\x84\x00kv\x0c\
i\xebx\xf3kdY^W\x22\x00M\xa0J\x0fM\
$[\xaf^\xd7\xcaG\xf7bN\x94\xc8\x92\x944\x88\
\x89\xdb\x01q\xcbK\xa2Z\x07}\xb4\x881^\x22\xda\
v\x11R\x92\x861dd(A\xb4\xde\xc1\x7f\xb7\x8e\
^)\x10\xd5]\xda\xaf]c\xfb\x8f\x0b\xa0AT\xeb\
\x22-\x85{e\x95\xce\x1b7\x18~\xf2\x00\xfe\xd5\x0d\
\xbc\xf9[;\xb9%Ri7x=\xf5\xe3\xc7j\x7f\
z\x97\xd1G\xa7\xa9\x9d]DZ\x0a\xa3\xea`\xec\x1a\
\xd25\xc7\xa4\xfb\xcf%\xec\xd9qD\xc7G\x1fu\xd0\
\x8a\x16ImE%\xcag\xe3\x85\x0b\xf7\x0c2[\xbf\
y+\x1f\xd3%\x1b\xbf8\x7fg]\xbf\x9a\xcb\xb2\xec\
\xa7\xaaqa\xf9\x19\x10\xdf\xd2\x87\xac\xa7\xd3(\xfd\xec\
\xc4W\x0e\x97\x00\x82\xb5\x0e\xf6l\xd5\x0aV\x1ah\x05\
\x93h\xad\x15\x9b\xbb\xcb\xd7\x83\x8d\xf6_\x82\x9b\xf5W\
\xb5(\xbc\x98\x98*\xb2\x00v\xcaS\x1d0S\xc0\x04\
\xb3?f\xe4\xceB\xcf\xc8\xb0\xd8\x89<R\x0b#`\
Y\xfc\x8eS\xb7\x85\xf7%\xbe+^\xe2\xd4\xa1\x0c>\
c\xed\x1byr\xdf\xb3\x0f\x0a\xa5\x98\x97Y\xf6\xba\x9d\
\xf9\x97\x80\xf7\x85\xcd\x8f\xa6\xddu\x00\x00-/z\xb1\
\xf6\x8d|\xd4\xac\x0fm\xf2>\xd6\xfcO\xdb\xbf\x01`\
\x09\xd2\xa6s\x17\x8b\x9a\x00\x00\x00\x00IEND\xae\
B`\x82\x89PNG\x0d\x0a\x1a\x0a\x00\x00\x00\x0dI\
HDR\x00\x00\x000\x00\x00\x000\x08\x06\x00\x00\x00\
W\x02\xf9\x87\x00\x00\x0b\xf4IDATh\x81\xed\x99\
Yl\x5c\xd7y\xc7\x7f\xe7\x9c{\xe7\xce\xce\xe16\xdc\
DR\xfbf\xc9\xd5f\xcb\xb6\xec\xd6K\xdd\x04\x8e\x8b\
\x061\x82\x14\xcdC\x83\xa4M\x8c&5\xd0\xa2\xf5[\
\x91\x87\xb6H\xeb\xb7\xc6@\x1c i\x1f\xda\xa4\x01R\
7I\x9b\x225T\xc0rjk\xb1c\xc9\xb2e\xd1\
\x12\xb5r\x17\xd7\xd9\xe7\xee\xf7\xf4a\xc8!)J\xb6\
\x81HD\x03\xe4\x03\x063\xf7\xcc\xb9\xdf\xfd\x7f\xdf\xf9\
\xf6\x0b\xbf\xa6_\xd3/E\xe2n0=\xfb\xf8K}\
\xfe\xabE\xeb\x8e0\x8b\xaf\xf8\xb1\xc8\xd1\x10D\xc5b\
i\x1c\x08\x8c\x13\x8f\xbe\xb8\xb3z\xa1\xf4\xbcs\xa3\xec\
\x0b8%\xe0\xd4\xa7x\xe1\x02\xa0?\x0e\xff\xe9\xbf\xf8\
\xe7TM\xc5\xf7\x03\x07\x81#\xc2T\x8f\xaa\xd0\xbc>\
\xfbj\xe9\xbe_\x0a\xb8\x00\xa1\x04D\x02\x94@\xa8\x00\
\x10\x8d5%\xc8u\xb5\xcc\x08%\x9f1\xea\xe3\xf6\x0f\
:~g\xdb>\xab3\x05\xf0\xe5\xc8\x0d9~\xfa[\
\x95\xe2\xe9\x89\xe3\x91\x17\x9c\x14\x88S6\xfaM\xa0\x04\
\xf0\xc0\xf3\xfbz\x03i\x1c\x01\x1e\x16\x89\xd8\xe1\xc4`\
\xfb\xc1\x96\x8e\xb4\x11\xd5=\xeck\xb3\x18\x998z!\
\x18\xbb#\xe0\xe5\x12x\x16\xbf\x1b\xd7H\x81P\xe4Q\
\xfa%\xf1?\x03\xdf\x08\x01\x09\xe0\x17lt\xa4\xc9\xdd\
\xb7\x81\xec\xbd=\x18\xa9\x18\xe3\xdf;\x83\x0e\xa2(\xa8\
{\xc7\xf6\xfc\xd5\x83\xfb\xe2\x83\x1d\xedF6\x8e\x0e\x22\
\x227\xc0\x9d,\xe0M\x16I\xed\xdd@T\xf7\xb0\x06\
\xda(\xfc\xfb\xd0\x89\xc2\xb7\xaf>t\x17\xc1/\xadi\
c\x09<\x80\xd9\x9a\x00\xad\xb1G\x8a\xd4\xaf\xcc\x93\xd9\
\xdbM\xa2?GehF\xee\xf8\xfao\xdfk\xe6D\
{\xed\xfdqt\x10\x22\x93\x16\xc2\x90\x10jTK\x02\
w\xa2@\xdb'\xf6P|\xed\xc2\xdd\xd6\xfc\xca5a\
\xd8\xa3\xc5\xe6\xfd*\x15#\xd6\x9eD\x07!\x00\xb5K\
\xf3\x0c|\xf1\x10\x9d\x9f\xd8\xce\xc4\xbf\xbe[\x19|f\
S\xa7\x8c\x9b Lt\xa8!\xd4\x0d\xc6\xa1\xc6\xecL\
Sy\xfb:BI\xc2\x9a\x1b\xae\x03x\x90bY\xfb\
\x00a\xcd\xc3\x1e-b\x8f\x95\xb0\xc7J\x84u\x0f#\
kQ~w\x8a\xa0\xeaFK\xfb\x22\xdb',\xdb\x04\
\xa5:\xc1B\x8d\xa0T\xc7hKR\xbf0E\xac'\
\xb7\x1e\x9ao\xae\xc9\x0f\xe3\xdb\xf5\xf4.\x86\xfe\xf2g\
\x98m\x09\xeaW\x17\xfc\xa0X'(\xd6\x89\x1c\x7f\xd5\
>\x95\xb6\x08+nC\xb8\xba\x87L\x99j=\xc0\xa3\
\x04R\xc8[\xa7\x02\xab;\x837_'\xac\xfb\x08)\
\xb8\xdd>\x80\xc4\xb6n\xec+\xd3\x00\xd4\x87o\x10\xdf\
\xd8\x9e\x5c\x0f\xf0B\x09d\xfe\xa9\x9d$\x06r\xa8T\
l\x15\xef\xee\xdf\xdb\xcd\xf4O?\x00\xa0tf\x92\xd6\
\x07\x06\xe2\xb7\x81\x81\x8c\x19D\x8e\x8fJY\xc8\xb8\x89\
L\x9a\xc6z\x80G\x09d\xbc/\x8b=ZD\x9a\x8a\
\xe4\xa66\x12\xfd-\xb4\x1c\xe8C\x07\x11:\x88\x16\x05\
\x98\xa0\xe5@\xdf*\x01\x84\x92\xa8t\x9c\xc4\x96<a\
\xdd\xc5\xc8\xa5\x88\xbc\x80\xa0X\xa7\xf6\xeeTi=\xc0\
#\x05FX\xf712\x16~\xd1\xc6/\xda\x00t>\
\xb9\x8d\xa9\x97\xcfa\xf5d\x9a\xa6c\xe4\xe2\xca\xb0\x04\
D\x8d\x04\xad\x83\x90\xb0\xe6b\xb4\xa5\xa8\x9e\x19A\x87\
M\x1fG{At\x1b\xe8w\x14\xbcP\x029{t\
\x98\x8e\xc7\xb7,\xf37$H\x81_rp\xc6K\x8d\
\xa84Zd\xea\x87\xef\x95c\x9dY\x96\x1c9\xac\xba\
\xcdjc%\xf8\x86M\xdd\xc6_\xee0x\x14\x18\xd2\
2H\xef\xec$\xf1N\x0e\x1di\xb2{\xbaXx\xfd\
\xfa\x9agW\x87\xe7|\xb3#\x0d\xc3\x02t\x03x\xac\
'\x87w\xa3\x84L\x98H\xcb\x5c>\x81R\xb46\x0a\
\xdd\x05\xf0B\x09\xa4=Z\xa4tv\x0a\xa1$\xeed\
\x99\xcc=]\x84u\xaf\xe9\x0f\xb1\x8e\x14\x88\x86F\xeb\
\x17o\x90\xd8\x9aG\xa5-\x8c\xb6T\xc3\xfek.B\
\xca\xe6\xc9\x04\xc5:Q\xcd\x0f\xd7\x03<J4N`\
\xfe\xd8\x15\xfa\xfe`\x1f\xb3G\x03j\x97\xe6\xb1\xc7\x96\
}P\xa5b$\xfa[PI\xd3\xd4A\x88\xb5\xa1\x0d\
\xe7\xea,\xba\xe6\x11\xb9\x01\xc1Bm\x8d\xb2\xa5\xa9\xc4\
z\x80G\x09\x0c3\x17GZ\x06V>M\xef\xef\xff\
\x06S/\x9fkh|\xd1L\xc2\x9a\x87]\xf3\x901\
\xe5\x07\xc5:\xf5\xa1I\xac\xc1v\xb4\x1b\xe0M\x16\x1b\
\xd1(e\xad\xb2{\x7f\xbe\x22\xd6\x03\xbc\x90\x02\xc3\x9d\
\xae\x020\xf3\xca0\xbd\x9f\xdd\x8b;]%\xde\x93A\
ZF\xa3&\x12\x02o\xb6\xd6t\xd4\xa0X\xa3\xe5\x9e\
^t\x18Q}o\x0c\x99\xb2\x08\xab\x0e:Zn\x1f\
\x227\x88\xd6\x03<\x0a\x9a\x09'\xd6\x91$\xb4}\x22\
7\xc0\x99,/[\x80\x14\xc4:S\xc4\xda\x92\xa6\x91\
K\x12\xd9\x1e\xf5\xe1\x1b$w\xf5\x12\x14\xea\xb7\x8e6\
\xac\x0fx\xa1\x04Fb Grc+\x1dOl\xa5\
24\x83\xd9\x9a\xc0/\xd8\xcb\x11%\xd2\xb8\xd3U\xfc\
\x82\xed\x07\xc5E\xc0bmi!-\x13\x99X\x8cD\
e\xd4z\x80G\x09\xa4;U\xa1\xe5@\x1f\x97\xfe\xf6\
U\x0a'G\xd8\xfa\xfco\x91\xda\xd2\xbe&\x02\xad$\
\xab\xaf\x15\xe7\xfa<\xadO\xec\xc6hIb\xb4$\x11\
\x86lT\xa7\xc5:\xa1\xe3G\xeb\x01\x1e%0\xba?\
\xbd\x9b\xca\xd04\xb1\x8e\x14:\x88\x98\xfe\xe9\x07X=\
\x19\x16\xde\xb8\x8e\x91\xb5H\xf4\xb74\xa2Q\xd24\x8d\
\x5c\x92\xe4\xf6n\x82\xb2\x8d}y\x9a\xb0\xea`\xb4\xa5\
\xf0\xe7*\x08Sa\xb44j8]\xaa\x8a\xf5\x00/\
\xa4\xc0\xb0\xba2L\xfe\xdb\xb9\xe5\x08R\xb0\x19\xfc\xca\
a\xec\x91\x02\xc2P\xe8 \xc4\x99\xaa \xa4\xf0\xc3\xb2\
\x8d0$\xded\x11\x95\x8e\x13V]2\x87zp\xc7\
\x17\xd0+B\xbfPR\xac\x07x\x14\x18S?9\xbf\
\xca<\x82\x8aK\xfd\xea\x02:\xd4\xd8c\x0b\x08Cb\
\xe5\xd3\x18Y\xcbL\xef\x1f\xc4\x19\x99\xa7\xe9\x0b@m\
hr\xd1\xa4\xe6\x9ak\x89\x9d\xf9LY\x8d\xddu\xf0\
b\xa9\x1fH\x0c\xe4H\x0c\xe4\x88\xf7f\x11J2\xf3\
\xcaE:\x9f\xdc\xd60\x87 \xc2\x99,c_/\xf8\
\xc2T\xb8\x13\x85U\x02{SE\xac\x81v\xe2\x9b:\
0rIr\x8f\xed\xc4\x9f*;\xeb\x01\x1e%X\xd5\
\x13\x0b)\x88u\xa4P\xa9\x18F\xd6\x22\xff\xd4\x0e\x8a\
\xbf\x18\xc7\x9b\xad\x91\xff\xd4\x8e\x94sm\x16\x84@%\
c\x08k\xb9\xe4\xaf\x7f0\xd9\xf0\x8dB\x1do\xba\x8c\
;Uv\xd6\x03<J\xb0\xaa\xf1\xd0\x91\xc6\x9di$\
\xb6k/\x9e`\xd3sG(\x9c\x1ac\xd3sG\x90\
\xa62#7\xc0\xc86l_\xd7\xdcU'Q\xb5=\
r\x8f\xedb\xe1\x95s i\x025\xda\x13\xa8\x5c\xbc\
\xb9\xa6\x81\xa8\xec\x12y\xc1\x1a\xf0\x1d_8\x805\x90\
c\xe6;o\x11\x94\xed\x8f\x16\xe8f\x01n\xa6\xb9W\
/\xd3\xf9\xc4\x16\xec\x91\x023\xff}\xb1\xb8\xeb\xcf\xf6\
\xf5\xdcno\xe4\x04\xa0A&b\x80\xdd|@\xe7\x1f\
\xef'\xff'7\x0d\xe9\x22\x8d}a\x8e\xb9\x7f9K\
\xf9\xe7W\x11J\x10\x1b\xcc\x91\xff\xd2!\x00\xdc\xf1\x22\
\x0b/\xbf\xf7\x91\xe0\x91 \x13\x039\x8c\xec\xad\xc7\x98\
\x95\xf7\xa7\xe9\xfa\xdd]\xcd\xd6\xf2\xc3(\xb9\xa3\x9b\xd2\
\xf1Kd\x0fo\xc6\xeao\x8d7\x1fv\x8b<\x82\x14\
$vw\xd2\xff\x8d'\xc9\x7f\xf9>P\x02\x7f\xb6J\
\xf5\xad1\xbc\xa92\xb5\xd3\xe3\x1f\x0b\xbcP\x02cI\
s\x89\xfe\x96f\xd8\xd4\xa1\xc6\x9b\xad\xd1\xfe\xe8ff\
^\x19&\xbb\xaf\x97\xca\xfb7\xd6\xe0\x10\x86D&-\
\xac\x0d\xad\xa8l\x02&\x0a\x94O\x5c\xc6\xcc\xa6cK\
\xf6\xbdr||\xed\x8f\xfe\x83\xb0\xea\x92\xdc\xd7C\xd7\
W\xefGe,:\xbfp\x80\xea\xe9q\x9c\x8b\xb3T\
N\x8d\x22\xde\x84\xc8\x0d\x9a\xe0\xe3\xdb\xdbI\xee\xedA\
\xa5-\x82B\x9d\xea\x99\xd1F\x09\xbf\xe4\x03]O\xef\
d\xf4\x9f\xde&\xa8,\xdb\xb4\x8c)\x06\x9f=L\xe8\
\x04\xcc\x1e\xbd\xc4\xc0\x97\x0e\xa1\xbd\xc0T\xe9x\xa3c\
[$\xed\x87\x84\x15\x07\xb35E\xe9\xf8\xa5\xe6z0\
V)7\x1dv\xc5\xe0\xc6\x9f\xa9\xe2OWqG\x0b\
DU\x87\x0d\x7f\xf3$\x00\xadO\xed`\xea\xf2\x1c=\
\xcf\x1d\x01`\xe2\x85cD\xb6G\xf7\x9f\x1e!sx\
p\x95\xd2:>\xb7\x9f\xc9\x7f8\x8632\xdf(%\
\x22/\xc4l[=\x05I\xef\xee\xa2zq\x96\xd1\xef\
\xbc\x85=R\xe0\xf2\xdf\xbdF\xdf\xe7\xf7e\xf5b\xd3\
\xdel+k.\xc9\xed]\xd4\x87o>\x1d\xb9\x1cm\
V\x98\xd0J\x87\xad\xbc9\xda\xec\xaf\xad\x8d\xad\x8d\xff\
\x96\xf6\x09\x01R#\x94\xc4\x9f\xaep\xe3\xdb\xc7\x99\xfc\
\xe6kx\x93%d\xdc\xa4\xfd\x99\xfdMS\x92\xd3\xff\
u\x81\xae\xa7w6o6\xd21\xda\x1e\x1ad\xf6\xe8\
\xb2F\xc3\xba\xcf\xc8w\x7fQJl\xefZmBJ\
b\xe4R\xf8\xb3\x95\x9b\xf0\x0b\xb1\xd2V\x9b\xb4\xd2\x96\
\x85X.\xc1EC\xd8\x15\xf2\xa3\xfd\x90\xa9o\xbd\xce\
\xc2\xcf\xcec\xe6\xd3\x98\x1di\xeaCS\x00\xc4z\xb2\
M\xde\x86J6\xe6\x9c\xfd\x7fx\x90\xda\xd5\x05\xda\x1f\
\xd9\xc8\xb5o\x1e\xe7fr\xc6J\x81JZ\x08S5\
\xcb\x86\xe4\xee^\xea\x17\xa7P\x998B-#\x0d\x9c\
\xba\xb8\xa5\x13\xcbeGL\xed\xebi\x9a\xa37Q\xba\
I\x00\x81\xd1\x9e\xa4\xff\xeb\x9f\xc4\xecL\xe3\xcf\xd5\xd0\
\xae\x8f\xd9\x9dm*\xae\xe9\xc4\xced\x99\x89\xef\xbf\xc3\
\xe6?\x7f\x84\x96\xac\xc5\xf8\xf7\xde\xc1\xc8X\x98\xad\x89\
U\xb5\x10@\xed\xfc\x04\xd9\x07\xb6`_\xbcA\xac/\
\xd7`$\x04\x91\xed7\x07\xc2\x00\xda\x09\xa2[9\xb1\
\xcaZ\xe80\x22\xb9\xa7\x8b\xae\xaf=\xd8\x5c/\x1d\xbb\
\xb2\xba<\x97\xd0\xf2\xf86\xcc\xce4\xce\xd59\xc6_\
8\x0aR\xd0\xf6\xf4\x1e\xda\x9e\xda\xbb(\xc4\xa2\x13/\
\x95\x10A\xd1\xc6\xc8\xc6Y\x99\x99Y\x8c4K\xb5\x90\
0\x15\xce\xd5YR{7\x10\x14jT\xde^=\xbd\
\x10R \xd3qB\xcfQ\xcd$\xb5\x02\xd7\xe6\xef~\
f\xcd\xc9.\xfc\xe7y\xec\x0f\xa6\xc1\xb8\xe9\xa4\x16\xc9\
\xccg\xc8>\xb2\x15\x94 \xf7\xe8\x8e\x15\xdaX\x9cW\
\x05\x15O\xb7\x1e\xee\x17S?>OzW\x9e\x9e\xcf\
\xec\xa1tf\x02\xe7F\x85\xc8\x09\x9a\xb5\x90\x9ck\xf4\
\xc4A\xd9&\xb15\x8fLY\x8d\xd0\xa95B\xca\x06\
\xc3H\x13\x96m\xb4\xed\x87M\x87\xbd\xcd\x8c\xc8\x9b,\
3\xff\xa3s\x94\x8f]^\xf6\x8d\x15\x8a(\xfd|\x98\
\xf4\xfd\x03X\x1bZ\xc9\x7f\xfe\xfeF\x0b{v\x8c\xcc\
\xc1UQI\x8b\xf7\xbe\xfa\xe3\xf9\xd1\x7f|\xbb-r\
\x02\x006}\xed!\xae\xbft\x0a+\x9fB\xac\x1c2\
k=\xbc\xed\xd9\xbd\xdbS\xf7\xf4\xe1\x8e/\x10\xd9>\
\xa9\xbd}\x94\xfewx\xcd`K\x97\x83\xd7\x9d\xb3\xe5\
G\x84\x12\x18])\x8c\xceT#\xb2(@k\xc2\x8a\
CPv\xd6$\xa9\xf8\x96\xf6FR\x9b\xab\xa2]\x1f\
LI|s\x07FK\x1cw\xa2\x80\xf6\x03\xcc|\x06\
\xad5\xded\x11`X}.z\xd8\x12\x82\xc7\xcc\x96\
8\x91\x1b\x10V=R[\xda\xa8\x0c\xcd\x10\x94\x9c\xe6\
G\x18r.\xff\x9b\x1b:d\xdc\xc4\xbe4MT\xf7\
\xf0f\xcad\x0fm\xc4\x9f\xa9\x10\xdf\xdcIjW/\
\xf1\x8d\x1d\x08)\x0a\xee\x85B7J4x\x16\x1a\xef\
\x12\xc2\x92MXq\x88\xfc\xf0\x96\x196\xac8\x84e\
\x1b\xa2\xa8Y\xe8\x85\x15\x1b\x7f\xae\x82\xf6\x03\xf4\xa2\xf0\
a\xc5\x01(K\xf4\x17\x0d\xe0\xaf\xed\xd1\xd2\x98\x10<\
\x1bkO\x1d\xf0\x0bu3\xff\xc9\xed\xe4\x0e\x0fP\xbb\
4\xc7\xc2\x1b\xd7\xf1\x0b6a\xcd\x8fR\xbb{)\x9d\
\xb8\x8cP\x12\x99\xb2\x10B\xe0\x8e\x17\xc8\x1c\x1c\xc4\x19\
_(\x95N^9\xae#}R\xce;o\x0aC\xe8\
F\xa5\xa5\x1a\x9a7@/V^\x86\x92\x8d\xb5E\x87\
Ei0T\xf3Z+\xc0P\xa8\xa5Jm\xf1\xfe\xa5\
Q\xa6\x08\xa5\x1b\xa6\xdcw#(\x8b\xd7\x0e\xbe\xd8<\
\xfa\x8b\xa7\xcf\x99}\xb4\xdd\x1b\xa2\x1f\x16J\x1c\xca\xde\
\xd3\xfdx\xeb\x03\xfd\xbdF\xc6\x22\xde\x97\x9dK\xa4\xa3\
\x0e\x7f\xbe\x8a\x8e\xa2PW\xdc\x8b!\xfa4\xf0\x86\xd6\
\xf2\xf8\xd6\xbf\x7ff\xe8\xe3\xbe\x9a\xbd\x93\xb4J\x80[\
Q\xf9\xf4\xc8&\x81z\xd0\xcc\xc5wl\xfd\xca\x1e_\
hN\xfa\xc4\xde\x02*\x1fz\xe3:\xd1G\x0a\xf0\xff\
\x9d>\xf4\x1d\xd9\xaf\x02\xfd\xca\x0b\xf0\x7f\xf7\xf6P\xc6\
\xd3\xf2\xa2c\x00\x00\x00\x00IEND\xaeB`\x82\
\x89PNG\x0d\x0a\x1a\x0a\x00\x00\x00\x0dIHDR\
\x00\x00\x01\x00\x00\x00\x01\x00\x08\x06\x00\x00\x00\x5cr\xa8\
f\x00\x00 \x00IDATx\x9c\xec\xbdw\x9cd\
\xd7q\xdf\xfb\xbd\xa1s\x9c\xe9\xc9qgv6gl\
\xc4\x22\x13\x00\x03H@`\xb4\x18,R\x90(\xe9\xd9\
4\x15\x1f\x15\xac`\xd9\xd2\xb3%\xd3|4e\xebQ\
\xa4E\xc2\x8c\x16I\x90\x04\x08\x02 \x01\x06\xe4\xb4\x09\
\x9b\xf3\xe4\x1c;\xc7{\xef\xfb\xe3v\xf7N\xec4=\
3=\xbd\xfd\xfb|\xf6\xd3\xdb\xe9\xdeS=\xe7w\xaa\
NU\x9d*\xa8\xa0\x82\x0a*\xa8\xa0\x82\x0a*\xa8\xa0\
\x82\x0a*\xa8\xa0\x82\x0a*\xa8\xa0\x82\x0a*\xa8\xa0\x82\
\x0a*\xa8\xa0\x82\x0a*\xa8\xa0\x82\x0a*\xa8\xa0\x82\x0a\
*\xa8\xa0\x82\x0a*\xa8\xa0\x82\x0a*\xa8\xa0\x82\x0a*\
\xa8\xa0\x82\x0a*\xa8\xa0\x82\x0a*\xa8\xa0\x82\x0a*\xa8\
\xa0\x82\x0a*\xa8\xa0\x82\x0a*\xa8\xa0\x82\x0a*\xa8\xa0\
\x82\x0a*\xa8\xa0\x82\x0a\xd6\x02\xc2Z\x0f\xa0\x82\xe5\xe3\
\xda\xff\xfd\xbdM\x82\xa0\x1e\xf1~}\xb0M\x19\x8e9\
\xd6z<7\x15\xc4\x5c\x9e\x8b\x8b\xbf?\x8f}\xe2\x82\
\xef\xce{A\x9c\xf78\xff\xff\x9a\x10Bb\x10\x84!\
!\xce\xab\xc0L\xb6\xe1\xcb\xd9>PAia\xe4\x8f\
\xbef\x0bJ\xe6}\xc0~\xe06\xe0.P\xeb4\x00\
Y\xb8\x00\xda\xb6\xb5\x1e\xe3M\x03\x01\xd0RD\x16\xd2\
\xcf\x05a\xf6\xfb\x02\x08\xda\xc2\xcf\xcf\xfe\x0e\xf3\xbe\x93\
~A\x9b\xf5|\xd6\xeb\xc9k\x08s\xee\x9f\x5c\x0c4\
\xf4\xfb\x19\x88#\x08\xbf\x14\x04\xf5\x9f\xf7\x8c\xfe\xc1w\
\x92\xef,*B\x05%\x8c\xbe\xcf|\xbb)!\xca\xb7\
\x01\xb7k\xaa\xb6\x1f\x81\x83\x80q\xb1\xcf\xfa\xbe5t\
A\xe9\x8fT\x16\x80\xd5\xc0\x1cb.Eda\x11\x02\
\xe7J\xfe\xf9\xf7\x98\xfbz\x9e\xdf9\xa6i|\x1ax\
u\xbe\x18KZ\x00?\xe4O\x0f\x8bh\x1f\x01\xed\x08\
\xd0\x068\x81~\xa0\x0f\x847@yM@}\x0d\x98\
\xc8\xfcKU\x90+\x0e\xfe\xd1\x9e\x05\xda=\x0euh\
\xb34H\x05k\x8f\xf5E~\x108 \x08\xbc\x00\xfc\
\x1e\xf0?g\x8b\xb2`\x01x\x82?\xde!\xc0\x974\
\xd4\xa3\x8b\x88\xbeE\xff\xa7\xdd\x0f\x22\x1a\x22\x1a\x5c\x06\
^\x13\x11^\x05\xed\xd50\xd7\xcf\x02\xcaR\xbf]\x05\
7p\xe43\xef\x9b\xa3\xdd\x83\x19\xb4{6\xd8v4\
\x13i\xf2\xcb\xe1\xfeH\xf1\x07Z\xc1\x0d\xac?\xf2\xa7\
\x9e\xca\xc0\xff@\x10\xec\xc0\xdf\xcd\x17\x07\x80\xcb\xff\xe9\
g\x9f7\xb8L\x9f\xf2\x9e\x1e\x91|\xa7G\xf0\x9f\x1d\
A\x09\xc5\xf3\xfa}\x80\x00\xf0\x06\x08\xafV\xac\x84\x1b\
XL\xbb\x03u\x05_P\x10\x90\xec&d\xb7\x15\xf3\
\x86\x1a\xec{\xdb\xe8y\xe4\xe9\xeb\x81\x9f\xf6w\x16u\
\xe0\x15\xdc\xc0\xfa%\xff\xec\xf1\xa9\x1a\xc2\xfb\x80\xc7\x99\
m\x01\x5c\xf9\xbb_\xfe\xcf\x9a{6\xfe\x1bA\x14\xa8\
:\xba\x01\x00M\xd5\x08\xf7N\xe3=9\x84\xef\xcc\x08\
\xfe3#\x84zgH\x9b\xa4\x8b\xc3\x0e\xbc\x0d\xb4\xb7\
\xdd\xccVB1\xb5;\x80h2 \xbb,H.\x0b\
\xb2\xd3\x82\xe40\x83 \xa0\xc5\x12X\xb76\x82\xfe\xf7\
\xcd\xf8\x87\xa9`\x19(\x0f\xf2\x83\x80(\x08\xda\xa3\x09\
5\xb1\x09\x98\x10\x00~\xbe\xf5\xb3\xfb\x9d{\x9b^w\
\xdf\xd2,\xb9ni\xc2\xe0\xb6,\xf9;(\xe18\xfe\
s\xa3xO\x0c\x12\xb88\x8e\xf7\xd4\x10\x09_4\xcb\
\xaf\xb7\x00A\xd0N\x81x\x5c\x83\x97\x0c\x08\xbf\x04\xc6\
\xf3\xbdH\xa9\xe0\x96?\xda\xb6b\xda]r\x98\x91]\
VD\xb3\x01\x14\x15%\x10!\xe1\x8f\x90\xf0\x86IL\
\x07q\xdf\xbd5\xbd\x00\x5c}\xcf\xf7.GNMm\
.\xa2h\x15PV\xe4\x9f\xfd\xde\xe7\x81\xdf\x174\x10\
~\xc4g^\x06\xe1\xd6\x94\xbc\xc6Z\x1b\xae=\x8d8\
\xf76\xe1\xd8Y\x8f}K-\xa2AZ\xf4\xb7\xd1T\
\x8d\xc8\x80\x17\xdf\xd9\x11|\xa7\x86\xf1\x9e\x1a\x22\xdc3\
\x8d\xa6\xe6\xa7\x8c\xd6\x93\x950_\xbbg\xf2\xcc/\x05\
\xc9n\xc2\xd8\xe0\xc6\xd8\xe8\xc2X\xef\xc2\x7f\xac\x1bA\
\x12u-\xef0\x83(\xa2\xc5\x12$\xbc!\x12\xde0\
\x8a/B\xc2\x1f\x86Y\xbf\xab\xb9\xb3\x16\xcf\xbb\xf7\x00\
\x10\x1b\xf6r\xed}\x8fW\xa2\x00\xc5F\x19\x92?\xf9\
\x185hj\x93\xf08\x7fz\x9b\x80\xfaR\xa6\xdf@\
4\xcb\xd8\xb7\xd6\xe1\xd8V\x8bk_37\x93\x95P\
\x0c\xed.H\x22\x86:\x07\xc6z\x17\xc6F7\xa6F\
\x17\xa2\xcd4\xe73j0J\xe0\xad~\x12\xbepZ\
\xbbk\xf1\xa5\xd7?\xd1b\xa0\xfe#\xb7\x22Z\x8dh\
\x09\x85\xb1o\xbf\xce\xd4?^\xad,\x00\xc5D\xf9\x92\
?\xf5\xf2\xc7eP?\x9c\xedwP#\x09|\xa7\x86\
\xf0\x9d\x1ab\xf0\xdboA\x16+A\xb2\x18p\x1fh\
\xc1}\xa0\x05\x0a\xb7\x12l \xdc\x06\xdam\x02|:\
\x81\x86\x00\xc3\xc0K*\xbc,\xc2\xf10\x967\x80X\
\xb6\xf1\xe7\x83#\x9f\xd9\xb2\xec\xbd\xbbd7alt\
clpajtc\xa8\xb1\x834?\xcdk.D\
\x9b\x09\x04\x08_\x19\xcd\xe9\x1e\xee\xbb\xb7!Z\xf5a\
y_\xbaBb&\x94\xcf\x10+\xc8\x862'?\x08\
 \x0a\xef\x11\x9e\xe0\x8fO\x00\xfb\xf2\xfaq\x16\xc1z\
\xb4\x12\x8a\xb2w\x17\x05\x0c5\x0e\x9d\xe8u\x0eL\xcd\
U\xba\x09\xbf\x04\xb4\x84B|\x22@l\xd4Glh\
\x86\xf8\xb8\x8f\x9a\xf7\xee\xd7\xbf\xa3j\x8c\x7f\xf7Mb\
c\xbe\x8c\xb7\xb4ni\xa0\xea\xed;\x01\x88\x0eL1\
\xf1\xc3\x13\xa0U\x12\x81\x8a\x86\x9b\x81\xfc\xba\xc7\xf8\xb4\
\xf0l\xfb\x7f\x99\x88\x0e\xfb<j\xac\xf8\xdb\xed\xb5\xf0\
%d\xb2\x12\xe6k\xf7\x82\xf6\xee6\x13\x86:'\xa6\
F\x17\xc6\xe6*\x0c\xb5\x0e\x84\x0c\xda]\x0d\xc7\x88\x0e\
\xce\x10\x1b\x9a!6\xee#>\xe2] \x93\xa9\xc9M\
\xcd\xfb\xf6\x83 \x90\x98\x0a2\xf6/\xaf\xa3%\xd4%\
\xef_\xf7\x91#\x88f\x03Z,\xc1\xe8\xb7^C\x09\
F\x91\xedf\xbc\x8f\xf6^\x8c]\x09l\xcdG\x9e\x0a\
\xe6\xe1&!\x7f\xf2\x7f\x13\xc2\x85?\xfd\x89\x0a\x9a\x10\
\x1d\x0f\x10\x19\xf4\x11\x19\xf4\x11\x1e\xf0\x12\x9f\x0eg\x0b\
\xf7\xe5\x0d\xd1,\xe3\xd8^\x8fsW\x03\xce=\x8d8\
w7d\xb4\x12\x12\x81(#O\x5c\xe0\xfa\xe7^\x5c\
\xcem\x03\xb66\xfb\x0f6|x\xcb;\x81\xda\xfc\x06\
\xbc<\xed\x1e\x1d\x9cB\x0d\xe7\x96G\xe1\xbac3\xf6\
\xbdm\xfa\x80O\xf6\xe2}\xe9\xca\xa2\x9f\xf3<\xb8\x17\
\xf3\x86\x1a\x00\x82g\x06P|a$\x87\x05D\x81\xe1\
?y\xb5\x12\x05X\x0en&\xf2\xeb\x8f\x9a|\xed\xbf\
=/\x98\xea\xed\x98[\x5cXZ\xdd\xd4\xdc\xbb\x11\xc9\
b@\x8d)D\x86|D\x06\xbcD\x86\xfdD\x06\xbc\
(9N\xe6\xa5\xa0F\x12xO\x0c\xe2=1\x98~\
\xcd\xdc\xec\xc4\xb9\xbbQ_\x14\xf66a\xeb\xf2 \x88\
\xfa\xe8d\xbb\x89\xe6\x0f\xefA\xb2\x1a\xf0\x9f\x1e!2\
\xe2'\xd2?Cd$\x90\xcf\xe2dW\xe3\xea\x86\x5c\
\xc8\xbf\x12\xda=W\xf8^\xb9\x8a\xa9\xb5\x1a\x83\xc7\x8e\
}o\x1b\x91\x9e\x09\xa2\x03\xd3zH\xd0jDvY\
\xb0noN\x93_\xf1EP\x02Q\x12\xfe\x08\xd1\xa1\
\x19\x123!\xe2\x93\xa1\x92\x8c\x9a\xac\x0b\xdc|\xe4\x07\
\x01AVc\x0a\xe1~/\xe1~/\xd3\xaf\xf6\x01`\
p[\xb0\xb4\xba05:\xb0uy\xa8\xbe}\x03h\
\x10\x9b\x0c\x12\x1d\x09\x10\xee\x9f!<\xe0%6\x11Z\
\xb6\x95\x90\xb2:\xc6\x9e\xbe\x04\xb3\xac\x04\xd7\xfef\xda\
\x7f\xeb\x10\x82 `\xdb\xe8!p~\x8c\xea\xa3\xedH\
\xd6.\xd4\x98Bt,@d@\x1fwA\x8b\xd3|\
\xed\xdeR\x85d\xcfA\xbb\x0fN\x13\x1d\xf6\x12\x1b\x99\
\xc9Y\xbb\xe7\x02MQ\x99~\xf6\x1cu\x1f<\x08\x92\
H\xf5;w\x138\xd5\x87d3\xa6\x8f\x85Z6\xd7\
\x03\xa0F\x13\x8c?\xf6&J o\x9fI\x05\x8b\xe1\
\xe6$? ,~\x18(>\x13&>\x13\x863#\
\x00\x88F\x89\xd9V\x82\xe7\xee\xceU\xb1\x12l\x1b=\
\xd4\xde\xd7\x85sW\x03\xdd\xff\xf0\x0a\xc3\xdf?\x8b\xec\
0%\xc7\xe1\xc2\xdc\xe2\xc2}\xb0\x05A\x12\x89\xcfD\
\xf4q,a%\xe4\xab\xdd\x95@\x84\xe8\xc04\xf11\
?\xd1\xe1\x19\xe2\xe3\xfe\xa2o\x89fkw\xc9mE\
\xb6\x9b\x89O\x040\xd4;\x11-\x06\xccm\xd5x_\
\xb9J\xc2\x1b\xa6\xfa\x9d\xbb\xd2\xe3\x9d\xf9\xc5\x85\x0a\xf9\
\x8b\x85\x9b\x98\xfc\x08 <]\xfd\xd7Z|*\xff\x10\
\xd2l+\xc1\xd2\xe2\xc2\xd4\xe0(\xba\x95`iss\
\xe0\xbb\x1fE\x90D\xbc\xa7\x86x\xeb7\x1f[\xf0\x19\
\xd1(aj\xd0\xc7`nqanr\x22Y\x0d\xa8\
\xd1\x04\x91A\x1f\xc6Z\x1b\xad\x9f\xd8?m\xae\xb7V\
-u\x1f-\xae\xa4\xf7\xed\xb1\x11/\xb1\x11/j\xb4\
x\xda\xfd\xc6Xe$\xa7\x19\xc9aAv\xe9\xff\xd2\
\x09?\xfe\x08\xcaL\x88\x84?L\xd5};06\xb8\
\x00\x98z\xea4\x92\xdd\x8c\xebN}k\x1f\xb96\xc6\
\xe4S\xa7\x17^\xdb$\xe3\xfb\xc6\xe0\xc5\xf8\xf5`\xc5\
\x09\x98+nr\xf2\x03\x08\x17\xfe\xec\x19M\x09\xc7\x93\
\xa6\xb8\x97\xf0\x80\x8f\xe8\xb0\x8f|\xa3\x02\xf3\xad\x04s\
\xb3\xb3(V\xc2\xa6?\x7f\x1b\x8d\x0f\xef\x00\xe0\xec\xef\
>\xc1\xd4\xcb\xbdY\xbfc\xa8\xb6bivRso\
\x17\xcd\x1f\xd9\x8b\xec6\x07\x0cV\xc9\x0ez\xcaa\xc2\
\x1b\x22\x964\xe3c\xc3^\xe2S\xc1U\xd1\xee\xa2\xcd\
\x04\x9a\xa6\xef\xdd\xbd!\x14\x7f\x84\xc4L\x0852\xf7\
\xf7\x90\xddV\xea~\xf50\x82AB\x8d\xc4\x11$Q\
\xff\x7f8\xc6\xe8\xb7^C\x0d\xc7\x93)\xc2\xc9s\x01\
.\x0b\xa2\xc9\xc0\xc8\xbf\x7f\xedr\xf8\xf8d\xc5\x09\x98\
\x0b*\xe4\xd7\xff\xfbL\xcd\x7f\xd4\xcc\xcdN]\x836\
;1\xd6\xd8@\x83\xe8\xb8\xbe\xc7\x8e\x0c\xfa\x08\x0f\xfa\
X++\xc1Xk\xe3\xe0\x0f\x7f\x0d\xc9$\x13\xbc:\
\xc9\x89\x8f|;'G[\xf5\xd1v\xb6\x7f\xf6\xdd\x88\
F\x09\xc9n\xf4G/\x0d8\xa2\x833k\xab\xdd\xbd\
\xe1\x05\xe9\xbcK\xc1qK;\xce\xdb6\xcdy-p\
\xa2\x175\x1cK\xa7\x0a\xab\x918J*s\xd0\x17f\
\xfa\x8b\xd7*y\x00\xb9\xa0B\xfe\xf4\xa3\x1c\x9b\x08\x12\
\x9b\x08\xe2{k\x18\x16\xd1\xe45\xdb\xeb\x91\xcc\xf2\x02\
M\x1e\xee\x9fA\x8d$2\xfd\xccE\xf1%\xc4\xc6\x83\
\x0c\x7f\xf7\x0c-\x1f\xdb\x87\xad\xcbC\xcd\xfd\x9b\x18\xff\
\xc9\xe5\x8c\xf7u\x1fjM\x93_S5\xba\xff\xfb\x8b\
\xbd6\xa7\xb23\xe3\x97\xf2A\x0e\xda=6\xe2]T\
\xbb\xe7rm\xcf\xbbva\xde87\x1fI\x09DQ\
\xa3\x899^\xff\xbc\xaf]A\x85\xfc\xf3>/<\xc1\
\x1fgUG+\xb9\xdf\xcf\xe5\xdaqo\x84\xbd_\xfd\
 \xb2\xcdHd\xc8\xc7\xb1\xf7\x7f\x03u\x89<y\xd7\
-\xcd\xec\xfc\xc2CHf\x19M\xd5\xb8\xf27?\xc7\
\xfbf\xcf\x8b\x9d\xbf\xb6\xed\x8e\xbc\x066\x0b\xa2IF\
r\x14O\xbb\xcf\xb9\xf6<\xcb\xc1\xe0\xb1c\xdd\xd68\
\xeb\xaf\xa7#\xd2=\xce\xe4\x93oe\xbcV%\x130\
\x0b*\xe4_ SNEA\xb3j\xf2{6\xae\xb8\
\x95\x10\xba>\x85sW\x03\xe6&'m\xbfy\x90\xfe\
G\x8f/\xf0%8w5\xb0\xf3\xf3\xef\xd1\xc9\xafi\
\x5c\xfd\xfb\xe7\x19y\xe2<\x96Fk.b\xa6\x7f\xb9\
\x95\xd4\xee\xd9\xae\x9d:\xe7O2\xc7\xdf\xdcV\x8d\xa9\
\xcd\x83\xb9\xcd\x83h5\xa2\x86\x8az\xf4\xe1\xe6A\x85\
\xfc\x8b\xcaTPU\xe0\x95\xcc\x1dX\xea\xda\xb6.\x0f\
\xdb?\xfb\x80\x9e\x1c\xf4\xd1}\x18km\xc4&B\xe9\
\xd0\x9fh\x10\xd9\xf2\x9f\xde\x8e\x94< \xd3\xfd\x85W\
\x18\xfe\xde\x99\xac\xb2d\xd3\xee\xb1\x11o\xd1\xb4\xfbR\
\xd7V\xfc\xe1\xb4_\xc3q@/\xc6\xa2\x86b\x04\xde\
\xea#1\x13\xc2\xd4\xe6\x01I\xc4\xba\xb5\x91\xc0\x89\xec\
N\xd0\x0a\xe6\xa1B\xfe%e*ZY\xf0\x95\xb6\x12\
f\x8e\x0d\xd0\xfb\xc5\xd7\xd9\xf8Gw\x22\x99e\xe23\
\x11\xbc'\x07\xb1\xb4\xba\xa9\x7f\xcfVj\xef\xdb\x84h\
\xd4\xcf\x19\x8c>u\x91\xe9\xd7\xfa\x90,\x86\xb9V\xc2\
\x1ak\xf7l\xd76\xd4:0\xd4\xe8e\xfdC\x17\x87\
A\xd5\x88\xf4L\xa0\xf8#H\x0e3\xb6\x1d\xcd\x04N\
\xf6V\xea\xfe\xe4\x83\x0a\xf93\xca\xb4b}\x01V\xc2\
J\x18~\xec,M\x1f\xde\x83\xa5\xd9E\xe3{w\xd0\
\xff\xe81\xa2\xc3~\xda~\xf3`\x9a\xfc\xe3?\xbbJ\
\xb8\xdfK\xd3\x07w\xe9\xd1\x8c\x89 \xb2Y\xf48\xf6\
7\xeb\x99~\xa2\x80\x1a\x89\x91\xf0\x86\x89\x0eM\xeb\x1a\
8\x10\xcd\xdbwQ\x88v\xcf\x86Te\x1fR\x0b\x00\
\x80\xa6\x11\xba0\x8c\xe3P\x07\xb2\xdb\x8a\xa9\xa9\x8a\xe8\
\xe0t^c\xbdiQ!\x7fV\x99V\xb51\xc8r\
\xad\x045\xae\xd0\xff\x95cl\xfe\x8b{\x91\x1d&:\
>u\x14\xcf\xdd\x9d\x18\xab\xf5=~\xef\xffz\x83\xde\
/\xbe\x9e\xbe\xb6\xb9Y\x0fmV\x1dj\x16\x123!\
\x22\xbd\x93$|a\xb4Xf\x8bc\x01V\xd2rH\
\xddB\x14\xb0ni\xd0\x7f\xa7Q\x1f\xf1\xc9@\xfa\xbd\
\xe0\xf9A\x1c\x077\x80 `\xdd\xd1\x5cY\x00rA\
\x85\xfc9\xc9\xb4\xa6\x9d\x81\xf2\xb5\x12\x10\x04\xda\x1e9\
\x80\x1aS\x10\x8d\x12\x0d\xef\xdd\x81\x90\x94\xa4\xffk'\
\xd2\xe4O];\xd4=E\xa8{\x8a\xf0\xb5\xb1\x09\xf3\
\xaf\xe5\xee\x1c\x17\x8c2r\x91\xb5{6\x98;j\x11\
-\xba\xff\x22\x98\xd2\xfeI(\xfe\x08\x91\xbe)\xcc\xed\
\x1e,]ux\x9f7\xacH.C\xd9\xa0B\xfe\x9c\
e*\xb9\xd6`\x99\xac\x84\xce\xdf\xbb]\xcf\x8aK\x96\
\x14H\x91\x7f\xf4\xa9\x8b\xf4~\xe9\xf5L\x97]\x1a\xab\
\xa0\xddsA\xda\xfcWT\xc2WF\x16\xbc\x1f:7\
\x88\xb9\xdd\x83\x90r\x06\xbe\xd5\xb7bcY\xd7\xa8\x90\
?/\x99Jn\x01\x98\x8f\x94\x95 ;\xcd\xd86z\
\x00\x88\xfb\x22\x18\x9c\xfa\xc9=5\xae\xa0F\x12l\xfc\
\xfd;r\xf2%\xac\x85v\xcf\x06\xd1jL\x1f\xf3\x0d\
w\x8f/z\xca0\xd2=\x8e\x1a\x8a!Z\x8d\xd8v\
4U\x16\x80\xc5P!\x7f\xde2\x95\xfc\x02\x90B\xfb\
o\x1f\x86d\xe5\xa0\xb7~\xe31j\xee\xebb\xc3o\
\x1fF4HL\xfc\xec*\xd1\xf1 \xe6f\x97~\x06\
\xe0m\x1b\x11M2\xa93\x0e\x92Yt\xd9v4\xa7\
s\xe6QU=\x0f\xdf\x1b&:8\x8d\xe2\x0b\xa3F\
\xf3\xf4\x0b\x14\x11\xd6\xcd\x0d\x90\xac\x81\x10\xba0\xbc\xe8\
g4U#ta\x08\xfb\xfe\x0d\xc8\x1e;\xc6F\x17\
\xb1a\xef*\x8f\xb4\x84Q!\x7fA2\xad\x8b\x05\xc0\
\xb9\xbb\x91\xea\xa3\xed\x00\x8c\xff\xe42\xa1\xee)\xc6~\
|1]/\xc0sW'W\xff\xfeyB\xd7\xa7\xf4\
/\x08\x02F\x8f\x95\xd4\x19\x07\xc7\x8ef3@\xb4\x7f\
*\xa9\xdd#\xc5?\xfc\xb3\x0cX\xb7\xe9\xe6\xbf\x1a\x8a\
\x11\xe9\x9b\x5c\xf2s\xc1\xb3\x83\xd8o\xd9\x00\x02\xd8\xb6\
7W\x16\x80\x14*\xe4/X\xa6\xcc\xa5jK\x04\xed\
\xbf}\x08\x92Z\xb0\xef\x9f\xdf\x04 2\xe4#p~\
\x0c\x80\x9a{\xbb\xd2U\x84\xf4\x0fj\xe9\xf3\x0d\xa3?\
\xbeH\xdf\x17_\x1d\x0d\x9e\x1b$\xda?\x85\xe2+~\
\xa9\xb3\xe5`\xb1\xd8\xffRH\xf8\xc2D\x07\xf5E\xce\
\xb2\xb9\x01\xd1\xb4.\xd6\xef\x95E\x85\xfc\xcb\x92\xa9\xe4\
\x17\x00\xe7\xeeF\xaa\x0e\xeb\xb5\xf2\xc6\x9e\xbeD\xa8\xe7\
F\x08l\xfc\xb9\xab\x00\x18=V\x9c\xfb\x9a\xd6l\x8c\
\xcb\xc1\xa2\xb1\xff\x0c\x08\x9e\xd5\xcb\xa9\x09\xb2\x88es\
\xc3\x8a\x8e\xad\xe4Q!\xff\xb2e*\xf9\x05`\xc3\xff\
u\x04R\xda\xff+\xc7\xe6\xbc7\xfe\xd3\xcbhIm\
^{_\xd7\x9a\x8co9\xc8\x14\xfb_\x0a\x91\xeb\xe3\
\xa8a\xfd<\x80mg\xcb\x8a\x8f\xb1dQ!\x7fQ\
d*\xe9\x05\xc0\xb9\xb7\x09\xf7A}\x92\x8f>y\x81\
p\xef\xdc\x04\x98\xe8h\x00\xffY\xbd\x91F\xcd}\x9b\
2\x96\xf8*Ed\x8a\xfd/\x05MQ\x09]\xd2\xc3\
\x84\x86\x1a;\x86:\xe7\x8a\x8e\xb1$Q!\x7f\xd1d\
*i\xc6\xa4\xb4\xbf\x9aP\xd3{\xff\xf9Ho\x03\xaa\
,\xb8\xf67\xaf\xea\xf8\x96\x8bl\xb1\xff\xa5\x10<;\
\x98>\x0f`\xdb\xb1\xbed^6*\xe4/\xaaL%\
\xbb\x00\xb8\x0f\xb6\xe0N\x12z\xf4\xc9\x0bD\x06\x17\xef\
\x963\xf1\xec\x95t\xbc~=m\x03r\x89\xfd/\x85\
\xc4t\x90\xd8\xf0\x0c$C\x88\xc2\x12\xcdV\xca\x0e\x15\
\xf2\x17]\xa6\x92]\x00\xda?\xa9{\xfe\xd5\x84J\xff\
\xbc\xbd\xfflD\xc7\x02\xf8\x92Y\x835o\xdb\xb8n\
\xb6\x01\xb9\xc4\xfe3!x.\xe9\x0c4JX7\xd5\
\x17}|%\x87\x0a\xf9WD\xa6\x92d\x8b\xfbP+\
\xae[\x92\xda\xff\x89\xf3D\x862\xf7\xca\x9bxN\xef\
\xa2cp[p\x1fX\x1f&q\xae\xb1\xff\xa5\x10\xbe\
:\x9aNM\xb6\x96\xfb6\xa0\x04\x88\x92\xefw\x96\x1c\
_\x09\x91\x9fR\xdd\x02\xcc\xd1\xfe\x8f\x1e\xcf\xfa\xf9\xf1\
g\xaf\xa6\xb7\x015\xf7m\xca\xfa\xf9\xb5F>\xb1\xff\
\xa5\xa0%T\xc2\x97u\xcb\xc7\xd8\xe0J_\xaf\xecP\
\x22D)G\xf2\x97\xe4\x16\xa0\xea\xd66\x5c\xc9\x98\xfe\
\xc8\x0f\xcef\xd5\xfe\xc0\x9c\xa2\xa65\xf7n\x5c\xb2\x01\
i\xa9 \xdf\xd8\xffRH\xe5\x04\x00\xd8\xb6\xaf\xcf<\
\x88\x8c(!\xa2\xe4\xfa\x9d%\xc7W\x82\xe4\x07\x10E\
sie\x93\xb5\xff\x96\x9e\xf3\xaf\xc6\x14\xfa\xbf\x9a]\
\xfb\xa70\x9e\xda\x068\xcd\xe9\xd0a)\xa2\x90\xd8\xff\
R\x88O\xea\x8dHI.*\xe2\xecl\xc8\xf5\x8e\x12\
#J9\x92\x1fA@\xac\xbem\x03\xa5\x82\xea\xdb\xda\
q\xee\xd2\xc91\xfc\x83\xb3D\xc7r'\xc7\xc4s\xb3\
\xb7\x01\xa5\x1b\x0d($\xf6\x9f\x09\xa1\x943\xd0$#\
:M%g\xd1\x15\x84\x12$J\xb6\xef,9\xbe\x12\
&?\x80XJ\xa1\xb3\xd9\xda\x7f\xe0\x7f\x9f\xc8\xeb\xbb\
\xb1\xc9\x10\xde\x93C\x00\xd4\xdcS\xba\xdb\x80Bc\xff\
K!ty$]\xe1Hr\x9bKS\xe8|P\xa2\
D)G\xf2#\x80X}G\x07\x92\xc5\xc0Z\xc3s\
g\x07\x8e\x1dz8k\xf8\xb13yi\xff\x14R\xd1\
\x00\xd9a\xc2}\xa8\xf4\xb6\x01\xcb\x89\xfd/\x05-\xae\
\x10\xba\xacgC\x8a\x16\xc3\xfa\xb6\x00J\x98(\x99^\
_\xaf\xe4\x07\x10%\xb3\xcc\xa6\xbfx\x1b\xb5o\xdf\x84\
sW\x03\x06\xd7\xd2-\xb2W\x0c\x82@\xfbo\xe9\x9e\
\x7f%\x9a\xa0?O\xed\x9f\xc2\xf8sW\xd1\x14\x15J\
4\x1a\xb0\xdc\xd8\xffl\x08\x92\x88\xec\xb2bn\xf3\xe4\
_\xe3\xb0\x14Q\xe2D)G\xf2\x93*\x09f\xddP\
M\xa0a\x1c\xd7\xde&\x04Y$\xee\x8d\xa4\x9b\x85F\
\x06}DG\xfc+Z\x1d\xc7sg\x07\xf6\xadz+\
\xac\xe1\xef\x9d!6\x11,\xe8:\xf1\xe90\xde\x13C\
\xb8\x0f\xb6Psw'W\xff\xb3\x94w\x93\xd3\x95D\
\xc1\xb1\x7f\x01$\xab\x09\xc9iI7\x04\x15m&@\
/[\x16\x9f\xf0\x13\x9f\xf0\xaf\xdc\xc0W\x1a\xeb\x80(\
\x8b\xbd\xbe\xde\xc9O\xaa \x88\xad\xcb\xc3\xf8O\xaf\x10\
\x1b\x0b`\xf0X\xb1$\xab\xf4\xba\xf65Q{\xff&\
4U#6\x16 <\xe0%:\xec'\xdc\xa7\xb7\xeb\
*\x0a\x04!]\xedG\x09\xc7\x0b\xd6\xfe)\x8c?w\
\x05\xf7\xc1\x16d\x87\x89\xaa#mL\xbe\xd0]\x9cq\
.\x13\xf9\xc4\xfe\x05ID\xb2\x9bo\xd4)tY\x10\
d\x09MQQ|ab\xe3~\x94\xebc$f\xc2\
h\x09}\x81S\xd6k\xc7\xa0uB\x94r$?\xa9\
\x92`\x82(P\xff\xc0\x16\xfa\xber\x8c\xd8x\x90\xd8\
x0\xedP\x93\xedFL\x8dN\xcc\x8d\x0e\xcc-\xae\
\xb4\x95\x90\x08\xc4\x88\x8e\xe8%\xbb#\x03^\x22C\xfe\
\xb4\xf9\x9d\x0fj\xee\xe9\xc4\xbeY\xdf\x17\x0f}\xf7L\
A]\x88gc\xe2g\xd7\xe8\xfa\xcc]\x08\x92H\xcd\
}]%\xb3\x00d\x8a\xfd\x8b\x16\x03\xb2\xcb\x9al\xf9\
\xad?\x82\x86\x1a\x8c\x91\x08D\x88\x5c\x1b\xd3+\x19\x85\
\xa2K6\x05\x89\xf6O\xa1\x86\xe3\xf9\xff\x01\xd6\x12\xeb\
\x88(\xb3\x9f\x97\x0b\xf9\x01\xe4\xf0\xa0\x17K\xb3\x8b\xfa\
\x07\xb7\xd1\xf7\xd5\xe3\x0b\xaa\xe5$\x021\x12W&\x08\
^\x99\xd0\xbf'\x0as\xac\x04\xe7\xae\x06j\xee\xd9X\
\x90\x95 \x88B\xda\xf3\xaf\x84b\x0c|}y\xda\x9f\
T\x17\xa1\xe3\x83T\x1dj\xa5\xe6\xeeN\xae\x18\xd7\xde\
1>'\xf6?\xe6CK\xa8\x98\xdb<\x8bj\xf7\xf8\
d\x80H\xcf\xf8\x1c\xed\x9e+\xe2\xfd\xfe\xf5S+|\
\x9d\x11\xa5\x1c\xc9\x8f\x00\xf2\xe8\x93\x17\xd9\xf0\xdb\x87u\
\x93\x7focZ\xf3/\x05M\xd5\x8af%\xd4\xdc\xdb\
\x85\xadK\xaf\xf4;\xf4\x9d3\xc4\xa7\xc3\x19\xef\x9d+\
\xc6\x9f\xbdB\xd5\xa1V$\xab\x91\xaa[\xdb\x09]^\
~\xb8\xadP\x88\x16\x03\xb6mM\xe9\xd8\xbf\x96P\xb1\
\xdf\xd2\x96\x97v\xcf\x15\xaaR:\xfe\x8e\x8cX\x87D\
Yr|\xeb\x98\xfc\x00\xf2\xe8\xe3\xe7i\xff\xe4!}\
\x1b\xf0\xe0\xb6\xac\x0b\xc0b(\xc8J\x18\x09\xd0\x96\xcc\
\xf9WB1\x06\xbey2\xef\xfb.\x85\xc9\x9f_C\
\xfd\xe3\xbb\x11e\x91\xda\xfb\xba\xe8]\xa5\x05`\xa9\xbd\
\xbb\xa9\xa5J\xff\x80\xaa\xe1{\xed\x1a\xb1Q_\xde\xda\
\xbdl\xb0N\x89R\x8e\xe4\x17\x04\x90\xa3c\x01f\x8e\
\x0dPu\xa8\x95\xda\xfb7q\xed\xb3/\xa0\x84\x96g\
I\xe6b%\xd4\xbf{+\xb6\xcej\x00\xbco\x0dc\
\xdfZ\xbb,_\xc2l\xc4\xbd\x11f\xde\xec\xa7\xfa\xd6\
v<wu\xd0\xff\x95\xd7V$>\x9e\xcb\xde]\x09\
F\xf5\xf0\x1f\x10\xe9\x9b\xbc\xb9\xdbz\xadc\xa2,\x18\
_\x19\x90\x9fT\x14`\xf4\x89\xf3\xba\xc9l1P{\
\xdf&F\x9e8O\xb11\xdfJ\xa8:\xdc\x0a\xc9\xc6\
\x1eS/\xf5,\xcb\x97\xb0\x18&\x9e\xbbJ\xf5\xad\xed\
HV#\x9e\xbb\xbb\x96]7+\x9bg~\xa9\xbd\xbb\
\xa5\xab\x1e!\xe9\x87\x08_\x19]\xee0\xd6/\xd69\
Q\xca\x91\xfc\xa4\xf2\x00&~~\x8d\x84?\x8a\xec0\
Q\xff\xe0\xb6\x15Y\x00f\xc3Tg\xa7\xeaV\xbd\xce\
\xff\xc4sW\x19\xfa\x97\xd3P\xe4\x88\xc3\xc4/\xae\xd1\
\xf5'w#\x1a$<wot\xc7\xce_\xcfk\x8c\
\xc5\xf0\xcc\x03X\x92\xc5:4E%r}<\xaf1\
\x94\x0d\xca\x80(\xe5H~H\x86\x01\xd5\x98\xc2\xf8\xb3\
Wh|\xdfN\x5c\xfb\x9a\xb0\xb4W-(\xc0YL\
4<\xbc=]\xc7\x7f\xf8\x07\xe7\xd2\xaf\x173\xe2\x90\
\xf0E\x99ys\x80\xea\xa3\xed\xb8\xf6\xb7\xb8&\xae\xf4\
\xa2\xc5\x17\xdfw\x17\xaa\xdd\xb3A0H\x98\xdbu'\
g\xb4w\x12\xb5\x1c2\xf6\xf2E\x99\x10\xa5\x1c\xc9\xcf\
\xec\xe6\xa0#O\x9c\xa7\xf1};\x01\xa8\x7f\xf7Vz\
\xfe\xf1UV\x02\x82(P\xff\xd0v\x00B\xbd\xd3\x19\
\x9d\x8e\xcb\x8d8\x8c?{\x85\xea\xa3\xed\x08FI4\
\xb7{\x08_\xd5\x1b\x89\x14K\xbbg\x83\xb9\xa36]\
\xaf\xef\xa64\xff\xcb\x88(\xe5H\xfe9\x0b\x80\xff\xec\
(\xc1\xab\x93\xd8\xba<\xd4\xbfg+\xbd_|mE\
\xd2\x7f\xabo\xdf\x80\xb9A\xcf\x88\x1b\xf9\xc1\xb9\xbc\xbb\
\xf4,\xb0\x12$1\xdd=\xd8\xdc\xec\xc4\xbd\xbf\x05\xf9\
\x9e\x8dh\x09\x95\xd8t8\xbdU\xb0\xefiC\xb2\xe9\
\xe9\xb4\x82,\xa1%\x14\x12\xde0\xf1q?\xe1kc\
(\xbe\xf0\xb2\x9d\x8f\xf3a\x9de\xfe\x87{&\x8az\
\xed\x92G\x99\x11\xa5\x5ce\x9aS\x0dd\xf4\xc7\x17\xe9\
\xfc\xdd\xdb0\xd5\xd9q\x1fne\xfa\xd5\xe2w\xa0m\
xx\x07$\x9d\x7f\xa3O]Z\xf6\xf54E%2\
\xe4\x9bS9Hv\x9807;17\xbb\x08\xf7\xcd\
\xe0\xa8\xb2`lt\x11\xbe:J\xf8\xea(\x09o\x18\
u\x85Sg\x05\x83\x84\xa9M7\xff#=\x13\xe5q\
`'W\x94!Q\xcaU\xa69\xe1\xb1\xd1\x1f_D\
M\xe8Z\xb0\xfe\xc1m\x14\x1b\xa6:;\xd5\xb7\xeb\x05\
H&~qm\xd9i\xbfK!\xe1\x8f\x12\xb88\xce\
\xc4\xcf\xaer\xed\xb3/\xe8/\x0a\x02\xb2\xdbJl\xd8\
\xbb\xe2\xe4\x07\xb0t\xd6!\xc8\xfa\xcf{S\x99\xffe\
J\x94r\x95i\xce\x02\x10\x9f\x0a1\xfdJ/$\x8b\
j\x14\xfbh\xf0l\xe7\xdf\xc8,\xe7\xdfJb\xfa\xf5\
~B\x97\xc7\x83$\xab\xe7J6\xd3\xaa\xdc7\xed\xfd\
O(Dn\x16\xf3\xbf\x8c\x89R\xae2-H\x90\x19\
\xfd\xd1\x05\x00D\x83D\xed;6\xcf\x7f\xbb`\xa42\
\x0d\x01\xc2\x03^f\x8e\x0df\xfdN\xb10\xf4\x7fN\
\x8d\x80\xee/\xb0\xefk[\xf1\xfb\x89&\x19S\x9b\x9e\
\xe4\x14\xb9>\xb1d\xf4\xa1\xacP\xe6D)W\x99\x16\
,\x00\x93/t\x13\x9b\xd4M\xf3bn\x03\xaa\x8e\xb6\
cn\xd4\xf3q\x86\xbf\x7fvU[tO\xfc\xec\x8a\
/\x9e,\x9ei\xdb\xd9\x82h5\xae\xe8\xfd\xcc\x9du\
\xe9\x06%\xe1\xab7\x81\xf9\x7f\x13\x10\xa5\x5ceZ\xb0\
\x00h\x8a\xca\xd8O.\x03\xe0\xd8V\x87-yTw\
\xb9h|\xef,\xe7\xdf\x93\x17\x8br\xcd|\xe0?\xde\
\x03\xe8\xce9\xfb\x9e\x95\xb5\x02\xd2\xe6\x7fL!\xd2[\
\xe6\xe6\xffMB\x94r\x95Il\xfd\xf8~j\xef\xdf\
\x84c{\x1d\xb2S\xdf\x1f\x8f>~#\x13\xb0\xfe=\
\xcb\xb7\x02\x8c\x1e+U\xc9\xea\xc3\x93\xbf\xbc\xbeb\xce\
\xbfL\x08_\x1fK\x97\xe0\xb6\xefnA4\xadL\x1d\
D\xd1d\xc0\x9c<\xfc\x13\xe9\x1eGK\xac\xdc\x11}\
\xc1 a\xf0\xd81w\xd6b\xdf\xdb\x86\xa1\xda\xb2\xba\
g\x9fo\x22\xa2\x94\xabLr\xb8o\x06s\xb3\x13\xe7\
\xdeFD\x83D\x22\x10#2\xe0%\xdc7\x83\xa5\xcd\
\xad'\x05\xfd\xc3+\xa8\xcb\xd8\xc76<\xbc\x031\xe9\
\x11\x1f^%\xe7\xdf\x02h\xe0?\xd6C\xf5;v\x22\
\x18e\xec{Z\xf1\xbd\x91_zp.\xb0t\xd5A\
\xd2\xfc\x0f\x15\xd3\xfb/\x08H6\xa3\x9e\xb8\xe4L\x96\
\x05\xb3\x1aA\xd3\xcb\x82%\xbc!\xd4\xd0*\x16\x04\xb9\
\xc9\x88R\xae2\xc9\x13\xbf\xb8\xa6\xbf\x90L\xbb57\
80\xb7\xba\x08\xf7\xeb\x0b\x80\xc1ef\xf3_\xdf\xc7\
\xd4K=D\xfa\xbdDF\xfc\xc4\xc6s\xaf\xd9'\x88\
\x02\x0d\xbf\xa2g\xfe\x85\x07\xbdx\x8f\x0d\xe4\xfc\xddb\
#|e\x94\xc4\xa1N\xe4*+\xf6\xbdm\x04N\xf5\
\x15==\xd7\xd2\x952\xff\x13D\x0b\xe8\xf9\x97\x82 \
\x89H.\xcb\xac\x8c\xc5d\x02S,A\xc2\x1f!6\
\xe6#\xe1\x0d\xa1xo$0)\x91\xc4\xea8Vn\
B\xa2\x94\xabL\xe9D\xa0\xd9i\xb7\xbe3#L\xbd\
\xd8\xc3\xe1g\x1eA2\xc9X\x9a]\xc8v\x135\xf7\
oB2\xcb\xe9\xb4[=\xf5\xd6K\xb8\x7ffIS\
\xb7\xeaH\x1b\xe6&\xdd\xf97\xf2\x83s+Z\x5c4\
+4\x0d\xff\xf1\x1e\xaa\xee\xdb\x8e`\x92\xb1\xedjI\
\xfb\x06\x8a\x01\xd1bH\x9f\xfd\x0f_\x1f\xcf=\xb3P\
\x10\x90\xac\xc6tj\xb2\xec\xbaQ\xf4S\x0d\xc6Hx\
\xc3\x84\xaf\x8c\xa2\xf8#E)\x1c\xb2,\xdc\xa4D)\
W\x99\x96\xec\x0b\x96\xf0G\x99|\xfe:uo\xdf\x8c\
}k-\xe7\xfe\xf0\xc7\xc4\xa7Bs\xac\x04\xfb\xd6Z\
=\xb1G\x83\xd8d\x90\xf0\x80w\x81\x95\x90\xca\xfc\xd3\
\x14uM\x9c\x7f\xf3\x11\xbe4\x8c\xf3P\x07\x92\xd3\x82\
\xfd\x96v\x02\xa7\xfb\x8b\x16\xa6\xb3l\xacO\x97\xfd\x0e\
_^\xda\xfc\xcf\xaa\xdd\xc7\xfd$\xae\x8e\xce\xd1\xee%\
\x81\x9b\x98(\xe5*S\xc6\xc6\x80\xa3?\xba@\xdd\xdb\
7#H\x22u\xef\xda\xc2\xc0\xd7O\xcc\xb1\x12H\xc6\
\xbc\xcdMN,\xad.L\x0d\x8e9VB\xc2\x1f\xc5\
sw'\x00\x93\xcfw\x17\x5c\xee\xbb\x98\xd0T\xdd\x0a\
p\xdf\xb3\x0d\xd1l\xc0\xb6\xa3\x99\xc0\xa9\xe2\xa4<\xa7\
\xbc\xffj4At`J\x7fq=i\xf7L\xb8\xc9\
\x89R\xae2e\x5c\x00f^\xef':\x1a\xc0To\
\xa7\xe1\xe1\xed\x8b\x16\xedT\xa3\x09B\xddS\x84\xba\xf5\
\x09?\xdb\x97\xd0\xfc\xd1}\xe9\xcc?\xc1(\xd1\xfe[\
\x87\x16\xb5\x12V\x1b\xa1\xf3C8\x0et 9\xcc8\
\xf6o xv`\xd9\xdez\xc9j\xc4\xd4\xec\x06 \
:0\x85\xa9\xcd\xb3\xbe\xb4{&T\x88R\xb62e\
\x5c\x004Uc\xf4\xc7\x17i{\xe4\x00\xd6\xf6*\x1c\
;\xeb\xf1\x9f\xcd\xec\xd9N\xfb\x12&Bl\xd9\xa2\xe7\
\x10D\x86|t\x7f\xe1e,-\x0b\xad\x84\x5c}\x09\
\xc5\x84\xa6j\x04N\xf6\xe2\xbas\x0b\xa2\xd5\x88u[\
\x13\xc13\x058'giw\xdb\xae\x96\xf4/-H\
\x22\xc6Z\xc7\xfa\xd1\xee\x99P!JY\xcb\x94\xb57\
\xf8\xc8\xe3\xe7h\xfd\xf5\xfd\x08\x82@\xc3C\xdb\xb3.\
\x00)T\x1dn\xc5\xd2\xaak\xc4\x91\x1f\x9e#t}\
\x8a\xd0\xf5\x85VB\xae\xbe\x84b#xv\x10\xc7\xfe\
\x0d\x886\x13\x8e\x03\x1b\x08\x9d\x1f\xca\xaa\x913\xed\xdd\
\x8d\x8d\xba\xacj$\xce\xd43g\xca#\xfd\xb7B\x94\
\xb2\x97)\xeb\x02\x10\x19\xf4\xe1;5\xacw\x09z\xfb\
&\xae}\xeeE\xd4H\xf6\xd0Y\xc3{o8\xffF\
\x92\xe7\x0bR\x98\x1fq \x8b/a%\xac\x04MQ\
\x09\x9c\xea\xc3y\xdb&$\xbb\x19\xeb\x96\x06\x82\xe7g\
\x15'\xc9c\xef\x0e\xa4\xcf\x18\x84\xaf\x8eU\xc8_\x86\
D)W\x99\xb2.\x00$\x9d\x81\xae}Mz(\xf0\
\xeeN\xc6\x9e\xb9\x9c\xf1\xf3\x86j+\x9e\xbbf9\xff\
r\xd0\xe2\x99|\x09+e%\x04\xce\x0c`\xbf\xa5\x1d\
\xd1b\xc4q\xb0\x83\xd8\xa8\x0f\xc9i\xc9{\xefn\xdf\
\xdb\x96\xfe\xc5\xcb\x22\xf7\xbfB\x94\x9bF\xa6\x9c\x16\x80\
\xf1g\xaf\xb0\xf1\x8f\xee@\xb2\x1a\xa9\x7fh{\xd6\x05\
\xa0\xe1\xa1m\xe9\xcc\xbf\x91\x1f\x16\x96\xf9\xb7\xa2V\xc2\
,\xed\x1e\x1d\x9c\xc1\xd2U\x87\xe4\xb4\xe0\xbas3\xb1\
\xc1\x99\xbc\xf7\xee\xa9\xe4\x1f5\x1c[\xffe\xbf+D\
\xb9\xa9d\xcai\x01P\xc2q\xc6\x7fv\x8d\x86\x07\xb7\
\xe1>\xd8\x82\xb9\xd9Id\xd0\xb7\xf8\x87\x93\xbe\x02\x80\
\xe8h\x80\xe9\xd7\x8aWUh1+\xc1Xk\xc3\xdc\
\xe2\xc2\xd2\xec\xc2\xb1\xa3\x9e\xea\xdb7\xa0\xa9\x1a\xd1\x11\
\x7f\xba\xc3\xb1`\xc0`\xa8\xb1\xdf\xe8\xae\xeb\xb0\x80$\
\xa2\xc5\x12\xc4\x86g0\xb7y\x10\x8c\x12\x92\xcd\x8c\xef\
\xcd\xee\xbcN*Jv3\xc6\x06\x17\x00\xe1+c\x19\
\x9b~\x96<*D\xb9\xe9d\xcai\x01 \xb9\x0dh\
xp\x1b\x82 P\xf7\xc0V\xfa\xbe\xfc\xc6\xa2\x9fs\
\x1fl\xc1\xd2\xa6;\xc4\x86\x7fpvE3\xff4U\
#:\x1a :\x1a\xc0{\x5c\xaf/ Y\x0d\x98\x9b\
\xf5\xfa\x80\x96\x16\x17\xce\xbd\x8d\xd8:\xab\x1al\x1b\xec\
(\x81\x08\x09oX\xd7\xf2\xbe0jDo\x80\x22\x9a\
\x0d8\x0ev WY\xb1t\xd5\xe5U\xc1\xc7\xb2\xb9\
>\xfdc\xaek\xf3\xbfB\x94\x9bR\xa6\x9c\x17\x00\xef\
\x89AB\xbd\xd3X\xdb\xabhxp\x1b\xfd\xff\xfc\xe6\
\xa2\xe4n\x9c\xe5\xfc\x1b}\xe2\xc2\x22WZY(\xa1\
8\xc1y\xa5\xc5\x1d\xbbjG\xda\x1eh\xdb\xb0\xd4b\
\x148\xd9\x87}O\x1b\x82Q\xc2y\xa8S\xaf\x1e\x9c\
\xa3\x15`M\x99\xff\xa1\x18\xd1\xa1\x99\x22J\xb2\x8a\xa8\
\x10\xe5\xa6\x95It\x1fh\xc1\xdc\xe8H'\xecd\xc2\
\xd8\x8f\xf5T^s\x93\x13\xe7\xbe\xa6\x05\xef\x1b\xdc\x96\
\xb4\xf3o\xea\xa5\x1e\xa2c\x81\xac\xd7\x5cih\xaaF\
|,\x10\xcfd\x89\xa8\xd18\xc1\xb3z\x1e\x80\x5cm\
\xc3\xdc\x91[\x0d\x04\xc9i\xc1P\xa7\x9fs\x08]\x19\
]\xd5\x22'i\x08z\x12\x92\xb1\xd1\x85h3\xe6\xdf\
\x02\xadB\x94\x9bZ&\xb9\xea\xd66d\x87\x09-\xa1\
\x12\x19\xf6\x13\x19\xf4\xea\x1e\xf6A\x1fJpn\xf1\xcc\
\xd1'/\xd2\xfe;G\xf4\x13~\x0fmO\x9b\xdd)\
\xd4?\xb4\x0d1\xd9\x06k\xcd\x8e\xfd\x16\x08\xff\xc9^\
l\xbb[\x10d\x09\xe7\xc1N\x22\xdd\xe3Y\x9d\x7f\xd6\
M\xb3\xcc\xffU*\xfc\x99\xceEH\x1e\x09\x96\x5c7\
\xca\x9c\x0b\x86\xee\xec\xab\xf8\x9c\x8b\xcd~\xac\x10\xe5f\
\x94I\xee\xfe\x87W\x90\x1d&L\x0d\x8et\xb3\x0d\xf7\
\x81\x96%\x9bm\xcc\xbc\xd1O\xd5\x916j\xee\xeb\xe2\
\xdag_ \xe1\x8f\xa6\xaf\xdc\x98<\xf8\x13\x1d\x0b\xa4\
\x8b\x8b\xae\x17\xa8\xa1\x18\xc1sC\xd8\xf7\xb4b\xa8s\
`n\xf3\x10\xe9\xcd|\x9c7\x95\xfb\xaf\x04\xa2\xc4F\
\xbc+2\xaelML\xe2\xb3\x9a\x98(3\x91<\xda\
\x16\xcd~\xac\x10\xe5f\x95I&y\xf2/\xe1\x8f\xe6\
\xd4\x92+\xee\xd3\x13_$\x93L\xfd\x83\xdb\x18\xfc\xd6\
)\x00\xdc\x07\x9a\xd3\xce\xbf\x91\x1f\xae\xf1\xb1\xdf\x02\x11\
8\xde\x83mg3\x82$\xe28\xd8\x99q\x01\x90]\
\x16\x0c\xb5z\x83\x93\xf0\xd5\xe2\x98\xff\x0bZ\x949-\
\x08\x86EZ\x94y\xc3\xcbK6\xaa\x10\xa5\x22S\xf2\
\x85E\x9d\x80\x8b\xb6\xe4JZ\x09\x96\x16\x17\x9e;:\
\x90,\x06Z?\xb1\x1fc\x8d\x8d\xe8\x88\x9f\x9a{\xbb\
\xd2\xdf\x1dY\x03\xe7_1\xa0\x04\xa3\x84.\x0ca\xdb\
\xd9\x82\xb1\xd1\x85\xa9\xa5\x8a\xe8\xc0\xe2q}\xcb\xa6\x86\
\xf4\xff3\x1d\xfd\xcd\x84\xac-\xca\xae\x17\xa7E\xd9\x1c\
T\x88R\x91i\xd68r\x8e\x02\xcc\xb6\x12\xdcO\xb6\
\xd0\xf4\xc1\xdd\x18\xab\xad\x04\xafL ;M\xb8\x92N\
\xc1\xe8\x88\x9f\xfa\x07\xb6,\xbb\xbd\xf7Z\xc1\x7f\xac\x07\
\xdb\xb6&\x90D\x1c\x07;2,\x00)\xf3?Bl\
,\xbb\xf9\xbfj\xda=\xe3 f?V\x88R\x91)\
\x8f\x05`6F\x7ft\x81\xa6\x0f\xee\x06\xc0\xb6\xd1C\
|&\x9c\x8e\x22\x0c|\xf3$\xd1a\xff\xb2\xdb{\xaf\
\x15\x14\x7f\x84\xd0\xa5\x11\xac\xdb\x94\xf6\xf6\x9f\x00\x00 \
\x00IDAT\x9b0\xb5Tclr\x13\x9b\x17\xde\
\x93\xab\xac\x18j\xec\x90\xd2\xfe\x8bh\xe75\xd1\xee\x99\
P!JE\xa6E\xc6W\xd0\x02\xe0??F\xe0\xca\
\x04\xf6M5\xd4?\xb8\x8dD\xd2/\x10\x1d\x0b0\xfc\
\xdd3\xe9\xfd\xffr\xda{\xaf%\xfc\xc7\xba\xb1nm\
\x04Q\xc0q\xa0\x83\xc9'N\xcey\xdf:\xdb\xfc\xbf\
2Z\x1a\xda=\x13*D\xa9\xc8\xb4\xc4\xf8\x0aZ\x00\
H\x86\x04\xed\xbf\x7f;F\x8f\x15\xa3\xc7\x0a\x8b8\xff\
2\xf9\x12ri\xef\xbdVVB\xea,\x80eK\x03\
\xe6v\x0f\xc6:'\xb1\xb1\x1b\xa9\xcf\x96\xcd\xfa\x02\xa0\
\x86b\x98\xda<Xw4\xeb\xcf#\xfa)\xc1H\xef\
\x04\x89\x99\x10J \xb2\xf65\x00*D\xa9\xc8\x94a\
|\x05/\x00cO_\xa2\xe3\xdf\x1dM\x1f\xfa\xd1T\
-\xddV,\x13\xf2\x898\xac\xa5\x95\xe0;\xd6\x9dL\
\xf3\x15p\xde\xdaE\xe0d/\x92\xdb\x8a\xb1\xde\x89\x5c\
\xa5/x\xf1\xa9 \x89\xe9\xe0\xdaj\xf7L\xa8\x10\xa5\
\x22S\x96\xf1\x15\xbc\x00\xc4\xa7B\xcc\xbc\xdeGu\xb2\
\xe1\xc7\xcc\x9b\xfdD\x86\xfdy_\xa7\xd4\xac\x84\xd9{\
\xf7\xc4t\x08\xb9\xda\x86\xa9\xad\x1a\xc5\x1f&:\xe2\x9d\
\xf5\x0b\x83\xf7\xc5\xcb\xc4'\xf2\x97yUP!JE\
\xa6\x1c\xc6W\xf0\x02\x00\x10\x9b\xb8\xd1\xe1'2T<\
\x22\xac\x96\x95\x90i\xef\xae\x06\x22\x04\xcf\x0f\xe1\xbam\
\x93\xfe\x1b\x1bd\xbd\x96\xe0-\xed\xfa\x18gB\x15\xf2\
/\xf1z9\x12\xa5\x5ceZ\xd6\x02\xe0\xd8u\xc3\x19\
\xe6\x9c\xf5\xffbc\xb9VB\x0a\x8b{\xe63\xef\xdd\
M\xcdU\x98;j\xb0l\xaa\xc3r\xb5\x0e\xb9\xca\x06\
\xcb\x88\xfd\xaf8J`R\xe5\xfb\x9d%\xc7WBD\
)W\x99\x0a^\x00\x5c\xfb\x9a\xb0uV\xa7\x9f\xdb\xba\
<\xd86\xd7\x10\xbc\xbc:\xcd0\x17X\x09\x92\x88\xa9\
\xc1\x8e\xb9\xd9\x85%\x99\xce,\xdf\xb3\x11-\xa1\x22Y\
\xe5z\xd7\x81\xbat\xce\xbc\xe2\x0d\x13\x9f\xf0\x13\xbe>\
\x96\xb5:\xaf\xff\xcdn\xfdp\x90 \xe08\xdc\x99~\
\xbd$\x8f\xfe\x96\xc8\xa4*G\xa2\x94\xabL\x05/\x00\
\xe9\x9a\x7f\xaa\x96\xce\x01hxh;\xd7>\xfbB\xa1\
\x97\x5c\x164EM\x16\x00\xf11\xf3F?\x00\xb2\xd3\
\x84\xb9\xd9E\xd5\xa1\xa6\x88\xd5\xad\xa1x\xc3(\xe1X\
^\x9e\xf9\xd8\xa8\x97h\xdf\x14\xa6\xb6j\x0c\x1e=\xf6\
\x9f\x98\x0e\xa6\x1b\x8d\x96\x1cJ`R\xe5\xfa\x9d%\xc7\
W\x82D)W\x99\xf2?>\x9a4\xbfk\xde\xa6\xa7\
\xfeN\xbf\xd6\x87\xff\x9c\xae\x0d\xeb\xde\xb5%}\x1a\xb0\
\x14\x90\xf0E\x09\x5c\x18c\xe2\xa7\x97\xbd\xb1a/J\
(?\xf2\xa7\xe0{\xe3\xda\x9c\xe7\xa5m\xfe\xaf\xfd\xa4\
*G\xa2\x94\xabL\x05-\x00\xf5\xef\xd9\x8ad\xd6\x8d\
\x87\x91\x1f\x9ec\xe4\x09\xbd\x9d\xb8\xc1e\xd6\x0bw\x96\
\x19b\xc3^\x94@4\xfd<:\x5c\xaa\x85?Jc\
Re\xfb\xce\x92\xe3+a\xa2\x94\xabL\x05-\x00\xa9\
~\x7f\xb1\xc9\x10\x93/t3\xfe\x93\xcb(\xc9R\xe1\
\xf5\xc9z\x80e\x05\x819\x05S,\x9d\xb5k:\x9c\
lX\xebIU\x8eD)W\x99D\xcf\x9d\x1d\xd86\
z\x10\xcd\xb9\xb9\x03\x9c{\x1a\xb1m\xf4\x000\xf2\xf8\
y\xb4\x84J\x22\x10c\xf2\x97\xba\x99\x5c}\xb4\x1dc\
\xad-\xa7k\xad\x17\x18\xeb]\x88Vc\xfa\xb9uG\
3\x92\xcd\xb4\xa6cJA\x10\x05d\xb7\x15s\x9b\x07\
\xc9a\x14KaRez}\xbd\x12\xa5\x5ce\x92m\
\x9bj\xf4d\x1e\x01b\x13A\x22C\xfedE \xaf\
\x1e\xe7\xd74$\xab\x01%\x9c\x00M\xbbQ\xf3O\xd5\
\x18y\xfcF\xd5\x9f\x91'.P\xf7\xce-\x08\xa2@\
\xfd\x03[\xe9\xff\xdf\xc7)\x17\xa4N\xfe\xa5 H\x22\
\xf6}mx_\xba\xb2\xeac\x11\xcd\x06=o!Y\
\xe1X\xb2\x9bA\x10PC\xb1\x1bVJ\x85(\x15\x99\
r\x94I\xee\xfb\xe77\x11\x8d\x12\xa6z;\xa6F\xbd\
\x92n\xcd\xdd\x9dHV\x03j\x5c!6\x16\xa4\xfe\xa1\
m\x18kl\xf8\xcf\x8c\xe0\xdc\xab\x1f\xfb\x9dy\xb3\x7f\
Nip\xef\xb1\x01\x22\xc3>\xcc\x8dN\x1a~e;\
\xfd_;\xb165\xf2\x8a\x0d\x01,\x1b\xeb\x00\x88\x8f\
\xf9\x01\x0dC\x9d\x13\xdb\xce\x16\xfc'zQC\xb1\xac\
\x97(\xfc\xde\x02\x92\xdd\x84\xec\xbe\x91\xbb \x9a\x0d\xa0\
\xa8\xe9\x0a\xc7\x91\xbe)\x12\xd3A\xb4\xb8\x82\xea\x8d\xaa\
\xa50\xa9\x16{}\xbd\x13\xa5\x5ce\x92\x01\xd4\x98\x92\
l\xa8\xe1\xbd\x11Bs\x980\xb7\xb8\xa8{\xd7\x16\xac\
\xedU\x00T\x1di#\x05\xdf\xe9\x11\xcc\x8d\x0e\x22#\
\x01\xd0\xb4t#\xd1\xf6\xdf<\x84\xa5M\xcf\xd6\xf3\x9d\
\x1ef\xbd\xc3\xd8\xe8N'\x0c\x85\xaf\x8e\x92\x98\x09Q\
\xfd\xc0n\x04\x83\x84}O+\xbeW\xafe\xbdF\xae\
\x10M\xf2\x9cVd\x92\xc3\x02\xa2\xa0w'\xf2\x86\x88\
\x0eL\xa1\xf8\x22$\xfc\xe1\xc5\xfb\x0f\x94\xc8\xa4*G\
\xa2\x94\xabLKn\xfc\x13\xfe(\xa1\xab\x93x\xee\xd0\
\xbd\xfaJ4\x81\x12\x8ac\xac\xb2\x90\x08\xc6\x90lF\
Z\x7f\xfd\x00j\x5c!:\x1a 2\xe0\xc5\x7ff\x04\
M\xd3\x10\x04\x81\xa6_\xddM\xf0\xda\xe4\x82\xc2\xa2\xeb\
\x0d\xa9\xb2\xdf\xa4\x16\x80\xe4\xf1^\x83\xc7\x8e}w+\
\x81\x13}\xa8\xd1x\xfe\x17\xce\xa6\xdd\xfd\x11\x22\x03\xd3\
i\xed\x9e\xfbu\x17y\xac\x10\xa5\x22\xd3\x12\xafg\xf4\
\xfc5~pW\xba\xc3o\xff\xa3\xc7\xe9\xfb\xf2\x1b\x98\
\x9b\x9c\x18\xdcf\xfc\xe7\xc7\xd2V\x82\xa5\xd5\x85\xb9\xc5\
\x85\xb9\xd1Al\x22\x84\xa9\xd6F\xdd\xdb7S{\xff\
&\xc2}3\x5c\xfd\xbb\xe7\xd3\x96\xc5\xba\x82 `\xee\
\xd2\xcd\xff\xd8\xa8\x8f\x847\x0c@\xe0X\x0fU\xef\xd8\
\x89`\x94u+\xe0\x8d\xebY/\xb5l\xed\x9e\xd3x\
\x17y\xac\x10\xa5\x22S\x86\xd7\x97\x5c\x00d\x87\x89\xb6\
\xdf8\x08@t<\xc8\xe07\xf4\xa2\x18\x91!\x1f\x91\
!}\xef\x9f\xf0\xeb\x896\x81\x0bc\x00\x88F\x89\xc8\
\xb0\x9f\xceO\xdf\x96\xbc\x8f\x80\xb5\xbd\x8a\xcd\x7fy/\
C\xdf9Md@\xdffD\x06\xbd(\xa1\x02\xb4\xe6\
*\xc3\xd4\xe4N{\xfbg\x97\xfd\x0e]\x19\xc5q\xb8\
\x13\xd9m\xc5\xb6\xa7\x15\xff\xa9>PT\x0c5\xf6d\
\xdd\x80\x15\xd2\xee\xb9\xa0\x04&\xd5\xc2{\xad\x7f\xa2\x94\
\xabLK.\x00m\xbfq\x10\x83K\xdf\xfb\xf6\xfe\x7f\
\xaf\xa1\x84\xb3\x13V\x8d)\x0c|\xed\x04\x13\xcf]\xc5\
\xb9\xbb\x81\xc6\x0f\xec\xc2\xb5\xb7\x09S\x9d\x1d-\xa6\xe8\
%\xc7\x0f\xb6 H\x22\xf1\x99\x88~Xg\xc4O\xa4\
\x7f&\xedK(%\xa4\xbd\xff\xda\xbc\xdc\x7fM\xc3\x7f\
\xac\x87\xaa\xfb\xb6#\x9a\x0d\xd4\x7f\xf8\xb0\xee\x8d\x17\x05\
B\x17\x86uR\x17[\xbb\xe7\x82TVG\x85(\x15\
\x99r\x94i\xd1\x05\xc0\xdc\xe4\xa4\xe9Cz\xcd\xbf\xc0\
\x95\x09F\x9f\xcc\xaf\xcao\xcaJ\x88\x0c\xf9\xd9\xfb\x95\
\x0f\xe8M<\xeb\xect\x7f\xe1\xe5\x05\x11\x87\xea\xa3\xed\
H\xd6\xae9\xbe\x84\x92\xb0\x12\x04!\xed\xfd\x8f\x8dx\
Q\xfc\x91\xf4\xeb\x92\xdd\x84\x1a\x8c\xa2\x86\xe3\x88\x16\x03\
\x92\xd3\x92\xfe\x9a\xa9\xc9\xcd\xd43g\x88\xaf\x84v\xcf\
i\xdck?\xa9n</\x1f\xa2\x94\xabLr\xcd\xbd\
]\xc9c\xb3\xbet\x93\x8f\x0d\x9f\xba5\x9d\xd3\xdf\xfd\
\xdf_.\xb8\xc6\xbf\xef\xf40\x81\x8bc\xd8\xb7\xd6\xd1\
\xf0+\xdb\xe9\xfd\xe2k\x19#\x0e)_\xc2Z[\x09\
\x92\xdd\x8ceS}:\xf9'6<\x83ec\xdd\x82\
\xbd{\xa4o\x12\xeb\xe6\x06\x12\xbe0Z4\x81\xa1\xce\
\x81\xe4\xb2 \xdaLhcKtO.2\x04YB\
v\x9a\x91\x5cVB\x8e)\x11!\xba\xe6\x93\xaa\x1c\x89\
R\xae2\xc9\xe6f'\xee\xfd\xcd\xfaYz_\x14M\
\xd5\xa8\xbd\x7f\x13\x00S\xaf\xf4.\xbb\xbd\xf7\xf0\xf7\xcf\
\xb1\xe9\xcf\xea0\xb8\xcc\xd4\xdc\xd7\xc5\xd8S\x97\x16|\
f1_\xc2ZX\x09\x82,Q\xf7\x91#\xc8\xae\x1b\
\x1a\x1d\xedF\xf2\xcd\xfc\xbd\xbb \x89x\x9f\xbf\x84\x1a\
\x8d#Y\x8d\xd4\x7f\xfcv\x04Y\xc4y\xa8\x83HO\
\xf6\xd6b\xf9\x0f\x10$\xab\xe9F\x9bs\xa7\xbe\xd8\x80\
6\xeb\xac\xc2\xdaO\xaar$J\xb9\xca$\x0f|\xed\
\xc4\x9c\x8a;\x9b\xff\xe2^\x04A@\xd34\x94`\x8c\
\xb6G\x0e,\xab.\xdf\xd83\x97\xe8\xf8\xdd\xdb\x90m\
F\x1a\xdf\xbfk\xd1\x05`>V\xcbJ\x98\xef\x997\
m\xa8Y@\xfe\xe8\xc0\x14\xd3\xbf\xb8\xb0\xe8\xde]S\
\xd4t-\x01%\x14#xv\x00\xfb\xde6\x0cuN\
\xcc\x1bj\xf5\xfe\x82\xcb\xc0\x82\x8aE\xa9>\x80\xc9j\
\xc3\xb1q?\xca\xf51\x123a\xb4\x84\x82\x1a\x88\xab\
\xa50\xa9\xca\x91(\xe5*\x93\xcc\xac\x8a;\xce\xdd\x8d\
\xe9\xf6^c?\xbe\xc8\xc07Oe\xaf\xb83\xecG\
K,]PC\x09\xc5\x19{\xfa\x12M\x1f\xd8\x85k\
O#\xf6-\xb5\x04.\xe5O\x8c\xe5X\x09)\xe93\
z\xe6\x03QlI\xf2\xab\xe1\x18\xd3\xcf\x9e#6\xe2\
\xcb+\xc6\x9fn-&K8\x0fw\xe6m\x05d\xed\
%p-\xb7^\x02k=\xa9\xca\x91(\xe5*S\xda\
\x09(\xc8\x22\x1d\xff\xf6VHj\xb3\xee\xff\xf1*\xb1\
\x89`Q\xea\xf2\x0d}\xe74M\x1f\xd8\x05@\xc3\xc3\
\xdb\xb9\xfaw\xcf\xb3\x5c,f%\x18\xaa\xadX\x9a\x9d\
\x98\x9a\x9cX;\xaa\xa9:\xdc\xa6\x0b\xe926\xb9w\
\xebU}\xd4P\x8c\x84?L\xb4o\x92\x847\xa4'\
*i\x1a\x96M\xf5\xba'\x1f\x08\x9c\xea\xcf\xda\x18t\
1\xe8V\xc0\xa0n\x05\xd4:2Z\x01\xd9\xb4{\xba\
\x97@R\xbb\xe7\x8aR\x98T\x0b\xbf\xbb\xfe\x89R\xae\
2\xa5\x17\x80\xa6\x0f\xedNk\xff\x81o\x9c$6\x11\
d6\x16\xab\xcb'\xd9\x8c\x98\x9b\x9cY\xad\x84p\xdf\
\x0c\xde\xb7\x86q\xedi\xa4\xfe\xdd[\xe9\xfe\x1f\xaf\xae\
H\x86`|*D|*\x04gF e%48\
\xa8:\xdc\xe47\x89\x91\x8c\xa5\xbb\x1d\xb7\xe8\x19\x8fZ\
L!xf\xa0\xe01,e\x05\x14K\xbbgB\xa9\
L\xaar$J\xb9\xca$\xb3H\xd2\xcf\xc0\xd7\xe7v\
\xc2Y\x0aJ0F\xf0\xcaDnV\xc2\xb8\xbe\xa0H\
V#\x0d\x0f\xef`\xf0\x9b\xb9\xddc9Pc\x0a\xe1\
\xbe\x19\x88\xc7\xfcU\x9d\x96%?g\xdeP\x83\xa1N\
\xef\xf4\x1b<;PXjo\x12J(F\xe8\xfc\x10\
\xb6\xdd\xad\x18j\x1d\xb8\xef\xde\x86\x96P\x8a\xa2\xdds\
B\x09L\xaa\x05\xef\x95\x01Q\xcaU&\x19\xa0\xed\x91\
\x037\x92~\xbe\x98[\xd2\xcfb\xc8d%XZ]\
T\x1fmC\xb2\x1ai\xfb\x8d\x03\x18=\xd6\xbc|\x09\
+\x09\xc7\xfe\xa4\xf6WT\x02\xa7\xf2\x8fz\xcc\xd7\xee\
\x82Q\xd6\x9d\x86\xa2\x80\xb9\xdd\xc3\xf4\xb3\xe7\xf4j\xc3\
+\xdd\x07\xb0D&U9\x12\xa5\x5ce\x92\xcdMN\
\x9a\xfe\xd5\x1e\x00\x82W's\xea\xee\x93\x0ff[\x09\
\x8e\x9d\x0d\xb4\xfe\xda-\x18\x9cf\x22\x83^\xb4\xb8\xba\
\xe6\x9d\x80LMn\x8cM\xfa\xd6't~\x08%\x18\
\xcd\xf8\xf9\x5c\xf7\xeeZ,\x81mw+\x92\xc3\x8c`\
\x94\xb3^\xb7h(\x81IU\x8eD)W\x99\xe4\xd9\
I?\xd7\xff\xfbK\x05'\xfd\xe4\x82\xe1\xc7\xce\xd0\xf2\
\xb1}\x08\xa2\x80sw#\x97\xfe\xeaY\xc8\xc3\x97\xb0\
\x12V\x82\xfd@\x87\xfe\x1fM#pr\xa1\xf6/t\
\xef\xee\x7f\xb3\x1b\xeb\xf6\xa6\x82#\x02\x85\xa14&U\
9\x12\xa5\x5ce\x92SI?\xd3\xaf\xf51\xfd\xea\xf2\
\x92~\xb2!2\xe8c\xfa\xf5>\xaaom\xa7\xf6\xfe\
M\x5c\xff\xfcK\xc4\xa7\xc3\xf9\xf9\x12\x8ah%\x18j\
\x1c\x98\xdb\xf4\xf2f\xa1\xcb\xa3(\x81\xc8\x8d\xd3z\xcb\
\xf4\xcc\xe7\x13\x11(\x16\xe4\x1a\x8b\x94\x18I\xa5,'\
_\xac\x10\xa5\x22S\x06\x99dA\x10\xd0T\x8d\xee\x7f\
x\x85\xd5\xc0\xf0cg\xa9\xbe\xb5\x1d\xd1(Q\xff\xee\
\xad\x0c|c\xa13p9\x11\x87|\xac\x04\xe7\xe1N\
\xfd\x87\xd0@\x8d\xc4q\xdd\xb9\xa5\xa8\x9e\xf9\xe5\xe6\x05\
\xe4\x03\xd9mE\xa9U%\x98^\xf3IU\x8eD)\
W\x99d\x80\x91'\xce\x17\x94\x9cS\x08\xa6^\xe8N\
\x97\x0ek\xfc\xc0.\x06\xbfu*\xa7m\xc7r\xac\x04\
X\xb8w7\xd6:0w\xe8\xd5}\x13S\x01\xa2\xfd\
S(\xfepQ=\xf3\xabi\x058\x8fv1\xfe\xfa\
I\xa1\x14&\xd5b\xaf\xafw\xa2\x94\xabL\xb2\x12M\
\xd0\xf7\xa57X-\xa4\xda\x88\xb7\xff\xd6a,-.\
\x5c\x07Z\x0a*\x16\xb2T\xbf@s\x93S/N\xd2\
\xecL[\x09\xa6\x1aK\xb3k{u:g^\xf1\x86\
\x11-\x86\xf4\x8f1\xfd\x8b\x0b\xc4\x86\xbd\xc5\x16\x15V\
\xc9\x0a06\xb8\xb0t\xd6\x95\xcc\xa4*G\xa2\x94\xab\
L\xf2\xc0\xd7N\x10\x1d[\xdd6W\xc3\xdf?G\xeb\
#\x07\x11e\x91\xa6\x0f\xec*Z\xb5\xa0\x84?J\xe0\
\xd2x\xda\x9a\x11DAO\x04:\xd8\xe8\x95b~\x14\
_\x04MQ\x91\xec&\xaa\xee\xd3\xfb\x17D\x07\xa7W\
\x8c\xfc\xac\x86\x15 \x80\xeb\xf6\xcd\xfa\x1fW\x13\xb4R\
\x98T\xe5H\x94r\x95I\x1c\xf8\xfa\x09V\x1b\xb1\x89\
 S/t\x03\xe0\xb9\xab\x03S\x9d}E\xee\xa3\xa9\
\x1a\x91!\x1f3o\xf4\x07\x12\xd3\xa1\xf4\xc1\x1d\xfb\xbe\
v\x90\xf4\xea\x19\xfec=+r\xef\xd9\x08\x1c\xefI\
o+\xd2~\x87\x22\xc1\xb2\xb1\x0ec\xa3\x0b\x80\xc4L\
X\x17\xb0B\x94\x8aL9\xca$\xaeU\xd1\x8d\xa1\xef\
\x9d\xd1\xc7\x22\x89\xd4\xff\xca\xeau\x13\x12M\x06l\xdb\
\x9b\x01\x88O\xf8\x89\xf6\xe7\x9f\xf3\x9f/RV\x00\x90\
\xb6\x02\x8a\x01A\x14p\xde\xaa\xf7h\xd4b\x0a\xcad\
D)\x85I\xb5\xe0\xf3e@\x94r\x95I\xec\xfc\xdd\
\xdbh\xfa\xd0n<wv`\xed\xa8F4\xacNs\
\xcf\x997\x07\xd2\x0e\xba\xc6\xf7\xedD\x90\x0b\xeaR\x96\
7\xec{Z\x11\x92y\x0f\xfe7\xbaW!6\xaf\xa3\
\x98V\x80u{\x13U\xf7\xef\xa0\xfe_\x1fEv[\
\x01\x88\x8d\xfb\x90\xdc\xf3;\x03U\x88R\x91)\xb3L\
\xf2\xe4\x8b=XZ\x5c\xd8\xb7\xd7Q}\xfb\x064U\
\xd3\x8f\xd3\x0ez\xf5\xb0\xda\xa0oe2\xf24\x8d\xe1\
\xef\x9f\xa5\xf3\xf7n\xc7Tk\xa3\xfa\xf6\x0dL\xfe2\
{u\xdd\xe5@0H\xd8v\xb7\x02\x90\x98\x0e\x11\xbe\
\xbe:\x91\x0f\x8a\xe0\x0b\x10\x0c\x92^\xb3\xa0\xb5Z\xdf\
\xf3\xcf\x82\x1aM\x108\xd9\x87\xea\x8d\xa5\xb7\x00\xfac\
\x85(\x15\x992\xcb${O\x0c\xe2=\xa1\x9b\xa7\xa2\
Q\xc2\xdc\xac\x17\xdd058p\xecl@2\xcb(\
\xc1\x18\x91a\x7f2\xde\xae/\x0cj\x11\xea\xdd\x8d<\
q\x9e\xf6\xdf9\x82d\x96i|\xff\xce\x15_\x00l\
;[t\xef?\xe0?\xd1\xb3\xeaEHs\x8e\x08\x08\
\x02\x92\xd58\xa7XI\xaa\xf2\x8f\xb1A\xdf\xef\xa3A\
|\xccGth\x86\xf0\x95Qb\xa3^\xb4\x84\xa2\x95\
\xc2\xa4*G\xa2\x94\xabLs\x8a\x82\xaa1\x85P\xf7\
\x14\xa1\xee)\xfd\xfdd\xac\xdd\xdc\xe0\xc0\xdc\xea\xc2\xbe\
\xb5Vo\xff\xadAl2\xa8\xf7\x10\xec\xd7\xab\xf1\xa4\
\xfa\x08\xe6\x83\x84/\xca\xc4\xcf\xaeR\xff\xee\xadT\x1d\
i\xc3\xd2\xe6No\x0b\x8a\x0dA\x12\xb1\xef\xd5;\x1b\
)\x81(\xe1K#+r\x9fL\x98o\x058\xf6w\
 \xc8\x22\xc6\x06\x17\xfe\x13\xbdz\xae\x82\xc3|#\x03\
1\x96 \xe1\x8f\x10\x1b\xf7\x93\xb8:\x8a\x16MP\xff\
q\xbd\xe4z\xb4\x7f\x92\x89\xc7\xe7%Q\x95\xc8\xa4*\
G\xa2\x94\xabL\x19\x1b\x83\xcc\x8e\xb5\xfbf\x9d\xb1\x9f\
m%\xd4\xdc\xbfiYV\xc2\xf0cg\xa9\x7f\xf7V\
\x04A\xa0\xe1\xe1\x1dt\x7f\xe1\xe5\xac\xdf)\x04\xd6m\
\x8dHv\xbd\xc6\x7f\xe0DO:\x22\xb0\xda\x08\x9c\xec\
\xc5\xb6K/g\xe6\xbcuc\xfau\xd9e%ta\
\x88\x847L\xf8\xca(\x8a?\xb2\xe0\x00\x91\xe3`\x07\
B2z\x118\xbdD\xe8\xb4\x04&U9\x12\xa5\x5c\
e\xca\xad'\xf8,\x14\xdbJX\xaarp1!H\
\x82\x1e\xfaCO\xf9\x0d\x9e\x1f*\xea\xf53\xde[\x16\
\x93E<\xadi\xed\x9e\x98\x09a\xf0\xcc\x0d}JN\
3\xb11\x1f\x91\x9e\x89\xc5/$\x0a\xd8v\xb6\x00\xa0\
\xf8\xc2Dz\x16\x89^\x94\xc8\xa4*G\xa2\x94\xabL\
y/\x00\xf3Q\x0c+aN\xe5\xe0{\xbb\x18{:\
{\xe1\xd0|P\xfb\xc0\xd6\xaa\x94\xb7<p\xaao\xe5\
\xea\xf5g\xd8\xbb\xab\xc1XZ\xbb\x87.\x0cc\xdd\xda\
Hld\x06%\x10\xa5\xe6\xbd\xfb\x11d\x11\xd7\x1d\x9b\
\x89\xf6O-j\x9dX6\xd6\xdd\xb0`\xde\xea_z\
\xbbU\x02\x93j\xe1w\xd6?Q\xcaU\xa6e/\x00\
\x8b!_+!:\x16D\x09\xc7\x91,\x06Z?\xb1\
\x1f-\xa1\xe2;=Lt\xb48\x19\x8aM\x1f\xdc[\
G\xaa\xdc\xd7\xe9\xc2\xcb}\xcd\xc7b\xda}\xb1\xbd\xbb\
2\x13Zp\xde\xc1\xfb\x92?\xfd\x7f\xff\xf1\x1e\x9c\xc9\
Vc\xf6}\xed\xf8\x8fu/\xb8\x97}\x8f\xee\xbf\xd0\
\x12\x0a\xa1\x0bKt].\x91IU\x8eD)W\x99\
Vd\x01\x98\x8f\x5c\xac\x84p\xbf\x17\xfb\xe6\x1al\x1b\
=l\xfb\xcf\xef\x04`\xf0_\xde\xa2\xfb\xf3//+\
\xe2P}\xfb\x06\xcc\xedUV\x96[\xee+G\xed\xbe\
\xd8\xde=\x1b\x02\xc7{\xb0ni@v[q\x1c\xec\
 ty\x04\xc5\x17N\xbfo\xa8u\xa4\xb3\xfdB\xe7\
\x873\xcbP\x02\x93*\xd38\xd6+Q\xcaU\xa6U\
Y\x00\x16\xc3|+\xc1{b\x90\xed\x7f\xff\x00\xe6V\
\x17Brt\x8d\xef\xdd\x89h\x92\xd3\xa7\xfb\xf2\x8d8\
\xc8N\x13]\x9f\xb9\x0b\x0a(\xf7\xb5\x1c\xed\x9e/4\
E\xc5\xfb\xd2\x15<\xef\xd9\xa3o\x05n\xdf\xc4\xd4S\
\xa7\xd3\xef\xa7\xb4?\xc9E,\xfb\xe0+D\xa9\xc8\x94\
\x9bLk\xb6\x00\xccG\xf0\xea$o\xbe\xef\xeb\xc8N\
\x13M\x1f\xda\xcd\x86\xdf9\x82h\x94H\xccD\x08\x5c\
\x1c\xcf\xc9\x97\x90\xaal\xa4\xc6\x14\x04Q`\xeb\xdf\xbc\
\x03s\x93\x13\x80\xc0\xf1\xde\xa55\xf3\x0aj\xf7\x5c\x11\
\xe9\x1e'\xd23\x81yC\x0d\x96\x8du\x98\xdb=D\
z'\x11-F,\x9b\xf5&\xa5\xd1\xbeI\xe2\x93Y\
\xb6E%0\xa9\x16\x1b\xc7z'J\xb9\xcaT2\x0b\
@\x0a\x09_\x94\xfeG\x8f\xd3\xf0\xf0\x0e\xcc\x0d\x0e\xea\
\x1e\xd8B\xef?\xbd\x8e\x1aW\xb2\xfa\x12\xec[\xeb\xa8\
:\xdaN\xe8\xea\x04\xb1\xa90\xd5Gu\xcf\x7f\xe0\xec\
\x88?\xf4\xc6\xf5\xb4\xdb}5\xb5{>\xf0\xbep\x09\
Sk5\x82$\xe2\xbas\x0b\xd1o\xbd\xa6'\x0ee\
\x0b\xfd\xcdG\x85(\x15\x99r\x94\xa9\xe4\x16\x00\x00-\
\xa12\xf4\x7f\xde\xd2\xd3\x84\xeb\xec\xd4\xbdk\x0b#O\
\x9c_\xd4\x97 Y\x0d\x98\x9b]\xb8\xf66R}\xfb\
\x06\x04Q\xc0\xbe\xb5.}\xad\xd8T\x88\xfe\xaf\xbe1\
\xdct\x7f[\xa3\x94\xea\xa7g1\x82\xa6\xa1\xf8#$\
|a\xc2#^\x12\xde\xf0\xb2\xca\x81\x17\x03\x09o\x98\
\xc0\x89^\x1c\x07;t\x87\xe0\xde\xb6\xec\xa1\xbf\xf9(\
\x81I\xb5\xf0\x1e\xa5E\x14\xc9i\xc2\xf5\x8eM\xd8n\
i\xc2PkGK(\xc4\xc7\x82\x04\x8f\x0f\xe2}\xee\
*Z,\xb1\xeedZ\xf0\xf9\x1c\xffN%\xb9\x00\x90\
L\x10j\xfd\xc4~\x0cn\x0b-\x1f\xbf\x85\xd1'/\
,\xaa\x8d\x95P\x9c\xe0\x95\x09:>}\x14A\xd4\x85\
\x0a\x0fz179\xd1\x14\x8d\xc9\x17\xba\xa9{`[\
\xb5\xb9\xd9B\xc2\x1b&:8\x8d\xe2\x0b\xa3\xf8#\xab\
\xaa\xdds\x85\xffX7\xd6-\x0dHN\x0b\x8e\xc3\x9d\
7\xb4\x7f\xa6\xd0_\x0a%2\xa9J\x99(\xeewm\
\xa6\xe1\xdf\xdd\x8ah3\xce\xf9\xe9,\xdb\xc0yW\x07\
\xb5\x9f\xd8\xcf\xf0\x7f}\x9e\xc0\xb1\x81u#\xd3\x82\xcf\
\xe7\xf1w\x92>\xcc\xed\xff\x81\x12\x84\x96P\x91,\x06\
\xdc\xfb\x9b1\xb8-\x04\xafL\x10\xea\x9e^\xf4\xb35\
\xf7l\xa4\xed\x11\xbd\xb1\xc9\xd8O/s\xfa\x93\xdfg\
\xe8_\xdeb\xec\xe9K\x8c>~\x1e\xff\xd9\xa1\xb3\x16\
\x97\xd0\x16\x1f\xf3\xa1\xf8\xc2\xa8\xd1\xc4\xaa\x9d\x02\xcc\x1b\
\xaa^\xb5\xc8\xb2\xa9>\xbd\xa0i\x09\x85\xe9g\xcfg\
\xcd^\x8c_\x0dMh!E?k\x5c!\xff\x82\xd7\
k~m\x1f\x0d\x9f>\x9a>\x0d\xba\x18D\x8b\x01\xd7\
\xdb6\x12\xeb\x9b!\xda\xe7\x9du\x8d\xd2\x94i\xc1\xe7\
\xf3\xfc;\x95\xac\x05\x000\xf8\xedS\xb4|t/\x92\
\xd5H\xeb'\xf63\xf1\xf3k\x0b>#\x9ad:\x7f\
\xffv\x00\x94H\x82\x9edq\xd3\x84/J\xc2\xa7;\
\xec\xb4\x98R\xaat_\x14\xe1kc\xc4\x86g06\
\xea\xfd\x0a\xa2}S\xb9mOR'\xaa\x0b\x98T\xce\
\xb7m\xa0\xea\xfd\xb3\xea2\x08,\xc4b\xafe|]\
@\x8b)\xa8\x91\x04j8\x8e\x1a\x88\x11\x1b\xf2\x11\x1f\
\x09\x10\xed\xf5\x92\x18\x0f\xae\x1aQ\x1cG\xdb\xa8\xfb\x8d\
\x03K\x0ct\x1eD\x81\xa6\xcf\xdcM\xf8\xcac\xc4G\
\xfdK\x8eo\xbd\x93\x9fR\x8a\x02,\x86\x84/\xca\xc8\
\xe3\xe7i\xfe\xf0^\x1c\xdb\xebq\x1fj]P>\xac\
\xed\x91\x03iO\x7f\xdf\x97\xdf 2\xec_\xe2j\xeb\
\x0bj\xe8F\xefD\xd9cG\x10\x85\xdc\xb6,\x05N\
*cG\x15\xae\x07\xba\x8a*C6\xc4G\x03\x84\xcf\
\x8f\x13x\xb5\x0f\xdf/{HL\x85\xe7\x8c\xb7\x98D\
\xa9\xfb\xedCy\x8dM0I\xd4|x\x0f\xc3\x9f\x7f\
\xa9l\xc9\xcf,\x9dQ\xb2\x18\xf8\xfa\xc9t\x22P\xeb\
'\xf6\xcfy\xcf\xdc\xe2\xa2\xe5_\xdf\x02@\xb8o\x86\
\xc1o\x9fZ\x931\x16\x1b\xa2\xc5\x88iCM\xfa\xb9\
\xec\xb2\xa4\xeb\x18dD1&\xd5*\xc2Po\xc7y\
O\x07M\x7fv\x17[\x9f\xf95:\xbe\xfc+\xb8\xde\
\xd1\x85 \x8bE%\x8a\xb1\xcd\x85iCU\xde\xe3s\
\x1cm\x9feU\x95\x1f\xf9\x11\x84\xd2_\x00\xa2c\x01\
\xc6\x9e\xb9\x0c@\xd5\xa1V\x9c\xbb\x1a\xd2\xefm\xfc\xc3\
;\xd2\xb1\xffk\x9f}\xa1\xe8\x87\x88\xd6\x0a\xb3C\x7f\
)K\xc0yx#\x92\xcd\x94\xe5\x9b\xeb\x87\xfc\x0b \
\x0a\xd8\xf65\xd2\xfa\xb7\xf7\xb1\xe5\x89\x8fR\xfd\xa1\x9d\
\x08\x06\xb1(D1%\xbb^\xe7\x0b\xc9eFr\x98\
\xca\x96\xfc\xac\x07\x0b\x00\xa0\xff\xd1\xe3i\xf37\xa5\xf1\
=wv\xe0\xb9Co\xeb5\xf1\xf3kL\xbd\xd2\xbb\
\xa6c,\x1a\xe6\x9d\xfa\xf3\xbe\xa8/~\x82Q\xc2y\
4\x8b\x89\xbe^\xc9?\x0fr\xad\x8d\xc6?\xba\x9d\x8d\
\xdf\xfa\x10\xf6[[\x97M\x14\xc1\x5c\xf8NW0\x19\
\xd2\xd7*7\xf2#\xac\x93\x05 \xdc;\x9d\xae\x16\xe4\
\xb9\xa7\x13\xfb\x96Z:\x7f/\xe9\xf8\x8b&\xb8\xfe\xf9\
\x97\xd6x\x84\xc5\xc3\xfcS\x7f\xa1\xcb#D\x07\xf4t\
i\xeb\x96FL\xcd9\x98\xb2\x85N\xaa\x12\x83\xa9\xdd\
M\xfb\xff\xfb\x00\x8d\x7fp\x1bb\x8a\xc4\x05\x10%1\
\x15*\xe8\xfe\x9a\xa2\xa2\xcc\x84\xcb\x96\xfc\xc2zY\x00\
\x00\xfa\x1f=\x06\x80 \x08l\xfe\xcb{\xb1$\xcd\xba\
\xfe\xaf\x1c#2\xe4[\xe3\xd1\x15\x0f\xf6=\xfa^\x7f\
\xf6\xa9?\xef\xf3\x97\xf4v\xe3\x02\xb8\xef\xda\x02b\x06\
\xc6.gR\x95\x22\x04\xa8\xfe\xe0N:\xbe\xf40\x86\
:[AD\x09_\x18G\x8d$\xf2\xbeu\xf8\xfc\x18\
\x9a\xa2\x96-\xf9Y/[\x00\x00\xff\xf91\xa6\x93\x11\
\x00\xfb\x16=\xd4\x1d\x1e\xf0\xb2\x16}\x0dV\x0a\xfa\xa9\
\xbfT\xab\xf2\x1b\xa7\xfe\xe2S\xc1t\x1a\xb0\xec\xb1\xa7\
\xb7\x08K\xa2\xe0IU\xba0o\xf2\xd0\xf1\xa5\x871\
wUC\x9eD\xd1\xe2\x0a3?\xbe\x98\xf7=\xa7\x9f\
\xbcP\xd6\xe4_7[\x80\x14\xfa\x1f=>\xe7y9\
9\xfe\xc8r\xea\xcf\xf7\xda\xb5\xf4A$\xe7\xe1ND\
\xabq\xc1\xf7a\x99\x93\xaa\xc4a\xa8\xb3\xb3\xe1\x0b\xef\
\xc1\xdc\x91\xdc\x06\xe5A\x94\x89o\x9c$6\x98{\x07\
\xa8\xc0\x1b\xfd\xf8_\xee\x9ew\xdd\xf2\x22?\x80X\xfb\
\x8e\xcd8v\xd6c\xa8\xb6\xe6\xfc\xe3\xac\x15\xd2\x83O\
\xd6\x18\xf0\x9f\x1b]\xcb\xe1\x14\x15\xd9N\xfdiq\x05\
\xdf\xcbW\xf5\xcf\x9a\x0dT\xbdm\x1b\xce\xa3]\xd4~\
\xe0\x00\xae\xdb6\xe9\xbe\x03\x97I,W\xf2\xa7 \xb9\
\xcc\xb4\x7f\xee\x01\x0c\x8d\x8e\xbc\x88\xa2\xf8\xa3\xf4\xff\xd9\
O\x88\x0dd_\x04B\xa7\x87\x19\xfa\xaf\xbf\xd4\xb3E\
\xcb\x98\xfc\x08\x02\xb2\xb1\xda\x82sW\x03\xa2QB\x09\
\xc5\xf5~\x00\x83>\xbd\xbb\xee\x88\xbfd4\xach\x90\
\xd8\x98<\xdb\x0fz\x95\xa1\xa6\x0f\xed\xa6\xf7\x9f^_\
\xd3q\x15\x0b\xb9\x9c\xfa\x0b]\x19\xc1\xbe\xa7\x15C\xbd\
\x13sGm\xba\xbb\xb1\xb1\xc1M\xe8\xe2\x10h\xd7\x97\
5\xa9\xd6\x0b\xe4Z\x1b\xad\x7f\xfbv\xba\xff\xcd\xe3h\
1%g\xa2\xc4\x86|\xf4|\xfa\x09j>\xb6\x0f\xf7\
\xbb\xb7\x22\x9a\xe6F\x07\x14_\x94\xc9\xef\x9fa\xfa\x07\
g\xf5\x16\xf3eN~\x00y\xf0\xdbo\x01`p[\
\xf4\xea<\x8d\x0e\xec[k\xf1\xdc\xddy\xa3d\xd7H\
\x80p\xff\x0c\xe1\x01oA\xe5\xbf\x8b\x81\xe6\x8f\xed\xc3\
\xda\xae\x9b~\xb1\xe90\xc6*\x0bM\xffj7\x03_\
?\xc1Z\xb57+\x1a\x96(\xf8)\x18ed\xa7\x19\
\xc9aAv\xe9\xff\x12\x81\x08\x86:\xe7\x8d?\xa4\xa6\
\x81 `\xd9X\x8f\x9a\xd0S\x9e\x975\xa9\xd6\x09\xcc\
\x9b<4\xfc\xbb[\x19\xfe\x5c2\x02\x94#Q\x94@\
\x8c\xd1\x7fz\x9d\xb1G\x8fa\xd9V\x87\xa1\xd6\x86\xa6\
B|\xd8O\xf8\xca8Bjn\xdf\x04\xe4gv*\
p|&L|&\x0c\xb3Jv\x99\xea\xed\x98[\x5c\
XZ\xddx\xee\xd9\x88d\x96Q\xa3\x09\x22\xc3~\xbd\
k\xd0\xb0\x9fp\xffLA\x1e\xd6|`\xaa\xb3\xd3\xf6\
\xebz\x16`d\xc4O\xffW\x8f\xb1\xe9O\xef\xc1\xe0\
4\xd3\xf0\xde\x9d\x0c~\xf3d\xd6k\x94$D\x01\x83\
\xc7\x8eusC:\xf4\x17\xe9\x99\xc0\xba\xad\x11\xd9n\
N\x17%Q\xfcQ\x12\xde\x10\xb1\x11/\x09o\x88\xc8\
\xb51\xb4\xb8Bl\xc4\x8b\xa9\xcdC\xd5\xfd;\x10\x8c\
\x12\xc6&\x87A\x19H\x86\xbcV\x89\xfc\xd1\xeb\xd3\xcc\
\xfc\xe8\xe2\xc2\x8b\x08\xba|r\x95\x05\xc9mF\xf6X\
1o\xf6 WY\x0a\xbf\xd9<T=\xb4\x0d\xdf\xf3\
\xdd\x04O\x0c\xe6M\x14-\xa6\x10zk\xb8\xac\x93|\
r\x91I\x96\xedF\x12\x81\x1by\xe7)\xa81\x85p\
\xbf\x97p\xbf\x97\xe9W\xf5RZ\xb3\xad\x04[\x97g\
na\xcf\x15\xb4\x12:\xff\xe0\x0e\xa4\xa4\xd3\xeb\xdag\
_`\xea\xa5\x1eZ\x7f\xfd\x00\xe6\x06\x07-\x1f\xdd\xcb\
\xf0wO\x97\xccV%W\xc8UV\xea>tx\xee\
\xc94U\xd3\x15\xba,%\xc9\x1eF\xf1\x87\x17\x9c\x01\
\x08\xcdjj\x12\xba8\x8c\x5ce\xc5q\xa0\x03\xc1 \
\xe9\x7f\xd6U\xd4\xfc\xd1\xbe\x19\xc6\x1f=\xb5\xf0>,\
\x9cl\x82\x00\xe6-5\xb8\xdf\xb5\x99\xaa\x87\xb7!Z\
\x0d\xcb\xbb9\xd0\xf0\xe9\xa3\x5c\xff\xe4ch\x09mE\
\x89R\x8e\xe4G\x00\xb9\xe9C\xbb\xe9\xfb\xca1r\xc1\
ZX\x09\xee\x83-\xd4\xde\xa7g\xc0M\xbf\xde\x97N\
\x08\x1a\xfc\xd6)6\xfe\xc1\x1dz\xc1\x90\x07\xb62\xf2\
\xc3s\x05]\x7fU\x90,9&\xbb,Hn+\xb2\
\xdd\xac\x1f\xf7\x9dE~MQ\x09\x9e\x1e\xc0\xfb\xd2\xe5\
\xbc/\xef{\xed:r\x95-y/\x0a\x9fT\xcbA\
\x8eD\x89\x5c\x9e`\xe4\xf2$\xe3\x8f\x9e\xa0\xfe\xdf\x1e\
\xa6\xea\xa1m\xcb\xba\xbf\xa9\xdd\x8d\xfb\xdd\xdb\x98~\xe2\
\xfc\x9c\xfb\xcc\x1f\x87\xe42a\xa8w,\x1c\xdf\xa2\xdf\
I\x8e\xb5{*\x9d\x7f\x91I\xa6\x5c\xc8/\xb9\xccX\
6\xd5bjucjuc\xa8w \xda\x8c\x88f\
\x19\xc1('}p1\xd4`\x0c5\x14'1\x1d\x22\
\xd2=I\xe4\xda\x04\xd1\xdeI\x9d?+\xb0\xa0\xc9M\
\x1f\xde\xcb\xe0\xb7\xdfB\x09\xe7\xbf\x8f^i+A\x90\
D6\xfe\xe1\x9d\xfa\xbd\xe2\x0aW\xff\xfe\x85\xf4{\xc3\
\xdf?K\xeb\xaf\x1f\xc0Xe\xa1\xf5\x13\xfb\x19MV\
\x0c*\x05,\xb6wG\x14\xd3%\xc7\x94`\x14\xb9*\
\xd9\xd5w\xd4\x87\xf7\x97\x17\x89M\xf8\xf5\xc9V\x084\
\x8d\xe9\x9f\x9e\x83\xa8\xa2\x16\xaeQ\x0a\x97\xb7\x10-\xa9\
\xf8\xa3\x0c\xfd\x97\x17\x08\x1e\x1f\xa4\xf9\xcf\xef\xc9xF\
?\x1b<\x1f\xdc\xa9\xc7\xec3\xec\xdf\xedG\xdahJ\
\xce\xa5\x5cq\xe5#\xdfD\x09\xc6r\x96i\xfe\xef`\
\xa8\xb7\xe3\xbc\xad\x13\xdb\xfe\x16,]5Y\xcd-\xd9\
e\x01\xd7\x8d-\x92\xfd`2,\xacj\x84.\x8e\xe2\
\x7f\xe5:\xfe7z\xe79(\x17\xca\x9a\x8f\xb5 \x1b\
\xab,4\xbcw\x07\x83\xdf*\xceI\xba\xe5Z\x09\x86\
j+J0\x86\x1aM\xd0\xfc\xe1=\xd8\xba<\x00\x0c\
|\xe3$\xe1\xde\x1b\x05A\xd4H\x82\xe1\xef\x9e\xa6\xfd\
\xb7\x0eciqQ\xf3\xb6\x8d\x8c?w\xb5(2\xe4\
\x85E\xb4\xfbR{w5\xb9\xc8z\x1e\xd8\x9d\xfe\xa3\
x_\xbcLll\xf9\x99\x8cZB!6\xe0\x8b/\
\xcb\x9c\x5c\x0e\x0a\xd4\x92\xde\xe7\xae\xa1\x84\xe2\xb4\xfd\x97\
w\x14\xdc\x22\xde\xd8\xe4\xc4y\xfb\x06\xfc/v/=\
\xe9\x0bA\x812\x996TS\xfd+;q\x1c\xd9\x80\
 \x15\xe1\xb7\x15\x05\xac\xdb\x1b\xb0no\xa0\xe6\x83\xfb\
\x98z\xf2,\xde_^AK/x\x85\x91\x9fTA\
\x90\xd6\x8f\xefg\xf8\xb1\xb3z\xa5\x9c\x22#\x1f+!\
\x11\x88\xd2\xf0\xf0\x0ed\xbb\x91\xe0\xb5),-\xfa9\
\xff\xe8h\x80\xfeE\xb6)\x83\xff\xe7-Z>\xb6O\
/\x18\xf2\xc8A\xc6\x7fvm\xc5#\x14\xd9\xb4{\xa6\
\xbd;\x80\xb1\xde\x89\xb9S\xafY\x18\xb9>Nl\xb8\
x\xcdP\xb5\x05\x1a\xb0\xb4\xc9\x9fz\x0c\xbc\xda\xcf\xf8\
WOP\xf7\xc9\x1c\x0bv,\x02\xd7\xbd\x1b\xf1\xbf\x94\
J\xdcYb\xd2\x17\x82<d\x92\x1c&j?\xb6\x1f\
\xd7=\x9b\x8a\xb3\xadZ\x04\x92\xcbB\xedG\x0f\xe2\xbc\
\xa3\x8b\x91/\xbfLl\xc4\x97\x1eO!~\x02\x19\xc0\
\xe8\xb1R\xff\xe06\x86\xbfwfeF=\x0fKY\
\x09\x9b\xfe\xfc^\x0c.3\x00\xf6\xcd7\xce\xc3\x8f=\
s\x09s\x8bk\x81/!\xe1\x8b2\xfc\x83s\xb4|\
t\x1f\xf6\xcd5T\x1dne\xfa\xb5\xdck\xffgE\
\x01\xda=\x1b\x9cG\x93\x93C\xd3\xf0\xbd\xba\x02\x16K\
!\xe4/\xc6d]\xa6sl\xe2\xeb'\xb1\x1fi\xc1\
:\xeb\xb8w>\xb0\x1flA\xb4\x1aP\xc3\xf3\x0bz\
\xce\x1b\xdf\x0a\xc9\xe48\xd2N\xfdo\x1eAJ\xce\xdf\
\x95\x86\xa9\xad\x8a\xb6\xbfx'\xc3_z\x85\xe0\xe9\x81\
\x82\x9d\x98rl*\x84\xb1\xdaJ\xeb\xc7oa\xe4\x87\
\xe7\xf4\xfd\xc5*C\x8d)8v5\xe0\xde\xdf\x0c\xc9\
\xe2\x1e\x9a\xa2bi\xaf\x22\xd4=\x85\x12\x8c\xd1\xf4\xc1\
]\x8b\xfa\x12\x06\xbfy\x8a\xa6\x0f\xedF4H\xb4~\
b\xff\xb2\x16\x80\xe5j\xf7l0\xb7\xd7`j\xd1s\
\x19B\x17\x86\x89O\x05\x0b\x1ekF\x14B\xfeU\xd2\
\x92\x8b\x91\x1f\xf4\x05q\xe4s/\xd3\xf9\xd5\xf7\x176\
\x04\x93\x8c\xed\x96f\xfc/\xf7\x16\x87\xfc\xe9\x0b\xcf\xbb\
\xc4|\x99D\x81\xda\x8f\xdeB\xf5\x83;WL\xeb/\
94\xa3L\xd3\xbf\xb9\x83\x91/\xbfD\xe0D\x7f\xde\
\xe4\x17\x04\x90\x07\xbfu\x8a\x8eO\x1d\xc5\xdc\xe8\xa4\xee\
][\x18\xfd\xd1\x85\xd5\x95\x02079\xd3\x1d|\x12\
\xc1\x18g>\xf58\x91!\x1f\x92\xcd\x88(\x8b\xc4\xbd\
\x91\x8c\xbe\x84\xc0\xc5q\x9c\xbb\x1ap\x1fha\xc7\xe7\
\x1f\xc4{b\x90\xa9\x97z\x08]\x9fZ\xfa\xa6+\xa0\
\xdd3B\x10p\x1e\xd5\xdb\x81k\x8a\x8a\xef\xf5\xeb\xcb\
\xbf\xe6\xa2\xf7Y\x7f\xe4OG\x08\xaeM\x12<9\x8c\
m_cAC\xb1l\xaf\xc7\x9f\xaa\x0bQ\x0c+'\
\x8bL\xa2\xcdH\xf3\x1f\xde\x8duWa\xe3-\x0aD\
\x81\xfaG\x8e\x12\x9f|\x96h\xdfT\xde\xe1Ky\xe8\
;\xa7i\xf9\xd8>\x0cn\x0bm\x8f\x1c`\xec\xc7\x17\
W\xd5\x9b.\x88\x02\x9b\xff\xea>\xe4d\x22\xcc\xd5\xbf\
\xfbe\xfax\xaf\x12\x8c\x91\x8a\xeeg\xf2%D\x86\xfd\
8v\xe8Ut=\xb7o\xc0s\xfb\x06\xda?y\x88\
+\x7f\xfbsf\x8e\xebI\x22+\xad\xdd\xb3\xc1\xba\xb5\
\x01C\x8d\x03\x80\xe0[\xfd(\x81H\xd1\xef\xb1<\xf2\
\xaf\xa0\x96\x5cp\xbf\xa5c\xe2S\x8f\x9d-x\x01\xb0\
\xee\xa8\x9bw\xaf\x1b\xb2\x16*\xddR2\xc9\x1e\x1b-\
\xff\xfe>L\xad\x85U\x1b*&\x04\x83D\xfd\xaf\xdf\
J\xff\xff\xf3L\xd6\x08\x01\xf3d\x92\x95P\x9c\xa1\xef\
$\xbd\xe9\xadnj\xee\xebb\xfc\xa7WVm\xf0\xad\
\x9f\xd8\x9f6\xfd'~~\x8d\xb1\xa7ro\x0d\x9e\xf2\
%\xf8\xce\x8c\xa0\xc6\x14j\xee\xee\xc4\xb1\xab\x01\xd9f\
D\xb2\x18\xd8\xf8\x99\xbb\x98|\xbe\x1b\x93\xc7\xdc\xe2\xdc\
\xec\xd6Kn\xfb\xc3$|\x91t\x7f\x80\x95p|\xce\
\x87 \x898\x0fv\x02\xa0F\x13\xf8\x8f\xf5\xac\xd0\x8d\
(\x8c\xfcEp\x04\x16+!&\xf8\xe6\x80~\x06_\
\xca?\x22`j\xafZ\x9c\xfc\x05\x8a\x97I&\xf7;\
\xb6\x94\x04\xf9S06\xbap\xde\xb6\x11\xef\x0bI\xee\
\xe6@~Hv\x06\x1a\xfc\xd6)\x9a?\xb2\x17\xd9n\
\xa2\xed7\x0f1\xf1\xdc\xd5U\xb1\x02\xec\xdb\xeah\xfb\
\xa4^\xad5:\x16\xe0\xf2\xdf\xfc\xac\xe0k\x0d\x7f\xef\
\x8c\xee\xc4\x14\x046\xfd\xc9\xdd4\xbe\x7f'\x06\xa7\x19\
s\x83\x83\xb1\xa7\xceM\x8b\xfe\xba\x8eD Rx\xac\
}\x19\xb0\xednAJ\xc6w\x03\xc7\xbaW\xb6\x03Q\
\xa1\xe4_\x8e\x01P$\xf2\x93\x5c #W'\xb1$\
k>\xe4\x03\xd1#\xce\x94\xbb\x00\x00\x1d\xebIDA\
TfDr\x98PR\x99\xad\x8by\xc6\xf3\xc5\x122\
M|\xfb\x04\x8a7L\xed\xbf>\x98w\xa8O\x8b)\
Dz\xa7\x88\x8f\xf8PC1\x04\x83\x84\x5cm\xc5\xbc\
\xb1\x06\xc9Q\xb8\x13\xd1}\xffV\xbc/\xceR\xde9\
l\xcfd\x80D \xa6w\xe2\xf9\xf8~l\x9d\xd5T\
\xdf\xd1\xc1\xe4\xf3+\xb4GMB\xb2\x18\xd8\xfa7o\
G4Hh\xaa\xc6\xa5\xbfz6]\xc7\x7fY\xd04\
\xae\xfe\xd7\xe7\xb1\xb4\xbbq\x1fh\xc1}\xb0\x05%\x18\
q%\xc6\xc7\x8a1\xec\xbc!\x1ae\x1c\x07\xf4\xda\x85\
J0J\xe0t\x0e\xdd}\x97\x89\x82\xc8_\xa8\x96\x9c\
\xf3\x9f\xe2\xa4\xc2\x86\xcf\x8d\x16\xb4\x00\x00\x18\x1a\x1c(\
W'W\x94\xfc\xa9\xc7\xe9\xa7/\x12\x1d\xf4\xd2\xf4\xbb\
w\xa6\xcfrdB\xe4\xfa\x04\xd3\xcf\x5c$p\xa2\x1f\
-\xae,\x1c\x9f(b\xdb\xd5H\xf5\xc3\xbb1o\xf0\
\xe4=\x5c\x83\xc7\x8e\xa5\xab\x96\xf0\xd5\xf1\x9c}3i\
;k\xe0\x9b\xa7P\x92!\xb6\xf6O\x1e,N|8\
\x03:\xff\xe0\x8e\xf4\xe9\xbe\x81\xaf\x9f`\xe6\xcd\xe2\x11\
CK\xa8\x5c\xf8\x93g\xd2\xbe\x84\xba\x87v\xd4[\xb7\
\x14\x16^Z.\xec\xfb\xdb\x11\xcdz\xce\xbb\xff\xb5k\
h\x89\x95=\xb3\xb0\xac\x9c\xf1\x82oJ\xd1\xc8\x8f\x00\
\xf1\xb1\xc2\xa3#z\x15\xdf\xc5\xc8_\x88\x90\xd9e\x0a\
\x9d\x19\xa6\xef\xcf\x9f\xcaXg@\x8d$\x18\xf9_\xaf\
\xd0\xf7\xd7\xcf\xe0\x7f\xbdgq\xf2\x0b\x02h\x1a\xc13\
C\xf4\xff\xedO\x98~\xba\xb0\xd4v\xcb\xb6\xc6\xbc\x1c\
\xb3\xe9\x05 >\x15J\xe7\xd3\xdb\xb7\xd6Qu$\x87\
:\xf4\x05\xc2sW'\x8d\xef\xdd\x01@\xe0\xd28\xbd\
_,\xfe\x99\xfe\xf8L\x98s\x7f\xf8c\x94dYm\
\xd7\x9d[\x16\x9c\xff^iH6S\xba\xcaOb:\
D\xf0\xe2\xf0\xca\xde\xb0\x0c\xc8\x8f\xa0\x9f\xcb/\x14\xa2\
Y.n\xb2S\x0e2\xc5G\xfd\xf4\xfd\xe5S\x04O\
,Tb\xb1!/}\x7f\xfd\x14\xbe\x17nX\xd4Y\
\x17iMc\xe2\xb1Sx\x9f\xcf\xdf\x17g\xee\xa8\x99\
s\xadl\xdb\xb39\x9e\x96\x81\xaf\x9dH\x9f\xaak\xff\
d~\x9dTr\x85\xa1\xda\xca\xa6\x7f\x7f\x0f$=\xfb\
\x97\xfe\xf2\xd9t\xe3\x8fb#xe\x82k\xff\xedE\
HV\xd1\xb1\xefk_\x91\xfb,\x05\xc7\xa1N\x04\x83\
\x9e\xe3\xee}\xe5\xca\xea\xf8\x1f\x0a!\x7f1\x16\x81\x22\
\x91\x1f\x04\x94\xc0\xf2\x16\x80\xb9\xd7\x9d\xf7;\xe4\x83<\
dR#\x09\x06?\xf7K\xa6\x9e8\x9b\xee;\x198\
\xd6G\xdf\x7fx\x9a\xd8\xa0o\x89\xdf!\xf3\xdfi\xe2\
\xb1S\xa8\x91\xfc\xfcE\xc6Z{\xce\xe4g~Q\xd0\
\xe8X\x80\xd1'\xf5<\x00\xe7\xeeF\x5c\xb74\xe7u\
\xf3\xac\x10\x04\xb6\xfc\xd5\xbd\x18\x93\xe5\xc7\xae}\xeeE\
\x82\xd7rhy\xbd\x0c\x8c\xfe\xe8\x02\xb1!o\x84d\
\xcd\xbd%k\xe9\x15\x19\xb2\xdb\x8am{\x13\x00\xb1\x11\
/\x91\xee\xf1\x95\xbf\xe9\x22]l\xe6>f \xff\x0a\
k\xc9\xc5^_\x8c\xfc\x08dm\x82\x9a\x09Z\x86\xd3\
{\x05!\x1f\x994\x8d\x89\xef\x9cd\xf8\x1f_d\xfa\
\xe9\xf3\x0c\xfd\xc3\x0bsN\xf1\xe5\xbb=S#qB\
g\x86\xf2\x1a\xae\xe4\xb4,=\xbeE~\xf7\x05\xb1\x96\
\xfe\xff}<\xfd\x07h{\xa4\xf0\xdc\xec\xc5\xd0\xfc\xab\
\xbb\xa9\xbem\x03\x00S\xaf\xf42\xfc\xd8\xd9\xa2^\x7f\
1h\xaa\xc6\xc07\x8e\x8f\x80\xde\x5c\xc3q\xcb\x86\x15\
\xbf'\xa07\xf1H\x96\xef\xf6\xbdru\xf5\xba\x11\xaf\
6\xf9\xd3\xf7\x9d\xfd\xb8\xbc\xb3\xef\xb23\xbbCm)\
h\xa9\xb0n1\x92\x9d\x0a\x94\xc9\xffZ\x0f\xe3\xdf>\
>\xa7\xa6`\xa1\xbe\x99\xd8p\xee\x85L\x01\x04YD\
\x94f_;\xf3\xf6l\xc1\xa682\xe8c\xec'\x97\
\xa9\x7f`+UG\xdap\xeen\xc4wz\xf9{W\
kg5\x1b>u\x14\x92%\xbd.\xff\xf5s\xabV\
Zl\xec\xa9K\xd3\x9d\xff\xf6\x08\x86Z\x07\xb6\xdd-\
\x04N\xf5\xadL\x22N\x12\xc6z'\x96\xd4\x81\x9f\xee\
q\xa2\x83\x8b\xb75_1\xacc\xf2\x0b\x02H\xce\xc2\
Ca\xba\xc6-\x02\xf9SX\xa6L\xb2\xdb\x82\xb9\xc3\
\x83\xa9\xad\x0a\xc9iF\xb4\x18\x90\xacF\x04\x93\x8c\x1a\
\xd6O\xbd*\xbe\x08\xb1Q\x1f\xf1\x11?\x91\xde)\xb4\
\xc4\x0d'a\xaa\x12t^\x90D\xd0\x94\xac\xe4g\xa9\
\xee\xc0\xfd_9F\xdd;\xb7 \x88\x02\xad\x9f\xd8\xcf\
\xb9?x2\xffA\xcc\x82h\x94\xd8\xfa7\xef@2\
\xc9h\x9a\xc6\xe5\xff\xf83b\x93\x85uk)\x08\x9a\
\x86\xef\xb5kx\x1e\xdc\x8b \x898\x0ev0\xf3\x8b\
\x95Kyv\x1e\xedJ\x9b\x84\xbeWV\xf9\x88r!\
\xe4_-\x13y\xfe\xe7\x97\xf8\x8e\xbc\x8c\x0a\xd5\x89\x99\
\xb9\x1d\x86\xd7\x82\xfc\xa6v\x0f\xae;;\xb1\x1fhK\
\xd7}\xc8\x15ZB%\xda3I\xe8\xdc0\xfe7\x0b\
L\x18\xcbA\xf3\xa7\xad\xad\x9a{\xbb\xf43\xf9C>\
\x12~}\xb5\x09\xf5L3\xf1\xf3k\xd4\xde\xd7E\xf5\
\x1d\x1b\xb0o\xad%p\xb1\xf0=\xec\x86O\x1dM\x9f\
\xee\x1b\xfe\xee\x19\xa6^\xec.\xf8Z\x85\x22\xd23A\
lp\x1acs\x15\xb6\xedM\x04N\xf4\x90\xf0\x86\x8b\
~\x1f\xfd\xc0\x8f\xde\xbcbE\x0f\xfc$!\xc8\x92\x9e\
\xe2\xec\xb2\x12{+ \xaaS\xf1\xc2\xc8\xbf\x86Zr\
\xfew,\xa9\x94\xde|\xa1A|,\xb0\xf4\x22\x987\
\xf2\x93\xc9\xba\xab\x91\xda\x7fu\x0b\xa6\xf6\xea\x02\xef\xa7\
\x9b\xf0\xe6\xaeZ\xcc]\xb5T?\xb4\x1b\xc5_\x88\xa5\
\x9a{TF67;q\xefoF\x90E\x12\xbe(\
\xe1\xe4b0\xfa\xe4\x05j\xee\xdd\x88 \x08\xb4=r\
\x90\x0b\x7f\xfaLA\xce\x19\xf7\xa1V\x9a\x7fu\x0f\x00\
\xa1\xee)\xae\x7f\xe1\xe5\x02\x04*\x0e|\xaf]\xa3\xe6\
\xfd\x07@\x14p\x1c\xead\xfa\xd9\x22\x97\x11\x9b\x7f\xe0\
\xe7\x8d\x22'S\x09 YMH\xce\xe4y\x06\xa7\xe5\
\xc6\x01\xa6\x94\xe7|\xb5\xc9\x9f\xbe\xc9\xdcK\x17J~\
\xc1$\x17\x9c\x04\x94\x98\x0a\xa1\xa5\x22J\xc5\xb0rr\
\x94I\xae\xd6\xcf\xe8;\x0e\x179\xcaT\xe8v(G\
\xf2\x03\xc8\x03_;\x81 \x0a\x18<V,\xc9\x93v\
\xae\xbd\x8d\x18klD\x87\xfd\x98\x9b\x9c\xd4\xbcm#\
\xb7\xbd\xf8;\x04.\x8e\xd1\xf7\xd5\xe39kp\xd9i\
b\xcb_\xdd\x87 \x0a\xa8\x09\x95K\x7f\xf5\xec\x8aW\
\x10\xce\x84\xe8\xd0\x0c\xd1\xfe)L\xad\xd5X\xb74\x10\
8\xd9K|\x22\x90\xc37s\x83u\xf3\xac\x03?\xa7\
\xfb\x0b\x5c\xbdo@\x90D$\xbb\xf9\xc6\x89E\x97\x05\
A\x96\xf4\xa6\x95\xbe0\xb1q?\xca\xf51\x123a\
\xb4\x84\x82\x12\x8c\xeb+\xf4\xaa\x92?w\xa2d#?\
\x80mOc:t\x9a/\x22\xd7&\xe6\xddo\xf9[\
\x9cl2\x997\xd5\xd0\xfc{\xf7\xacZ\x1d\x80\xbc\x90\
\xc3\xf6L&\xe9)\x8f\x8d\x07\x89\x8d\x07\xf1\x9e\xd4\xc3\
\x0e\x92\xcd\x88\xe7\xe4\x10[\xff\xd3\xdb!\xb9\x8fw\xee\
nd\xdb\x7f~'\xbd_z\x9d\xe0\x95\x89t9\xaf\
\xa5j\x08l\xfa\xd3{0\xd5\xdb\x01\xe8\xf9\xc7W\xf1\
\x9f_\x9bt\xdc\xd9\xf0\xbdr\x95\xda\x0f\x1d\x02A\xb7\
\x02\xa6\x9e:]\x94\xeb\x0a\x92\x88\xf3\xc8\xac\x03?\x05\
\xec\xdfD\x8b\x01\xd9eEr\x98\xd3\x8f\xa0\xa1\x06c\
$\x02\x11\x22\xd7\xc6\xf4\x13\x8b\xa1\xe8\xd2Q\x85B\xc8\
\xbfR\x87\x81\xe6\xdf+\x0b\xf9\x11\x04\xaa\xdf\xbf\xb3\xe0\
1\x84/\x8c-)k!\x22f%\x7fW\x0d-\x7f\
|_:\xd3\xb3\xa4\x90\x03\xf9Y,\x0a\x90\x82\x12\x8c\
1\xf6\xf4%B\xddS8w7Ru\xa4\x0d\xcf\x9d\
\x1dHf9\xfdXs\xcfF}\xf1\x18\x0b\x10\x1e\xf0\
bjpPsw'\xde\x93Ch\xaaF\xed\xfd\x9b\
\x00\x9896\xc0\xe07J\xa3v\x7fl\xccG\xa4g\
\x1csG-\x96\xce:\x8c\xf5Nb\xa3\xcb\xaf\xc9g\
\xdb\xd5\x92\x8e\xc1\x06\x8e\xf7d=\xf0\x93M\xbb\xc7'\
\x03Dz\xc6\xd3\xda=',\x87\xfc+\xa8%s%\
\xbf\xb9\xcb\x83m\x19\xb9'\xa1\xf3\xa3s/\xbe\x0c\xf2\
\xa7\xb1\x84L\x92\xdbL\xd3\xef\xde\xbd\xae\xc9\xcfRQ\
\x80\xd9\x08\x5c\x1c'pq\x9c\xe1\xef\x9da\xf7\x97\xdf\
\x8fkO#\xce=\x8d\xf4\xfe\xd3\xeb\xf8\xcf\x8fan\
rbnt\xe0\xb9\xab\x93\xfa\x07\xb7!\x88\x02\xce\xdd\
7\xces'\x02Q.\xff\xc7\x9f\x95L\xc5^\x00\xdf\
\xab\xd70o\xd0\xab\xb4:\x0eod\xf2\x89\xe5-N\
\x82A\xc2\xb1_\xcf/P\x82Q\x02o-l\xedU\
\x14\xed\x9e\xd3`V\x97\xfcKM\xb6|\xc9\x8f P\
\xff;G\x0a\x1eFb2H\xf8R\x86C0\x85 \
\x83L\xb5\x1f\xde_P\x93\x93\xc8\xf5\x09\x02'\x07\x88\
\xf6N\x91\x98\x09\x82\xa2\x81(\xe8\xf3\xc3c\xc3\xd4R\
\x85\xb9\xb3\x06\xcb\xe6\xff\xbf\xbd\xf3\x0e\x8e\xe3\xba\xef\xf8\
gw\xaf\xe3\x1a*\xef\xd0\x08\xf6\x22\x12$AR\xa2\
\x0a%\xd1E\x8el\xc9\x92\x5c\x12\xd1r\x93\xe2\xd8\xe3\
\xc9D3\x89=I\x94L<\xb6'n\xe3\xb4\x89\x9d\
\xc4\xc9\xc4\x93\x91\xed\x90\xca\xc8*\x8e,\xc5\xb2$K\
\x22U(\x89\x0d\xec \xc5\x0a\x1ez\xb9\xdew7\x7f\
\xec\xe1\x88r\x07\x5c\x03@\x12\xfb\x99\xe1\x1cy\xc7{\
\xbbo\x81\xef\xef\xfd\xde\xef\xbd\xf7\xfb5\x94t$:\
\xdf\xbd\xe73\xd2\x05o\x8eW\x15\x953\xdf\xf9\x1d\x1d\
\xbbv\x22\x1aDV<\xb6\x83\x03\x0f\xee\x22rf\x08\
\x8b\xd7A\xc3G\xb5eCUU\x11\xc6=\xf5\xd0\x89\
\x01\x9a?\xdf\x91\xf5\x12\x12\xbd!b\x97\xfc\xa4\x02\xb3\
\xb7\x0e?\x13\xa9\xe10\xb13\xfdXWz\xb0,\xae\
\xc5\xdcT]\xd6Z\xbdcK[v\x87a\xe8\x9ds\
\xa0\xaa\x18\x5c\xb6\xca\x8e\xee\x85P\x86\xf8gK(\x05\
\x89\x1f\xa8{h#\xb6\xf6\xd2\x0fle3\x01\x91\xa3\
O\xc2\xb87\x8b\x22w\x9fL\x8d.\x9c\xb7,-\xaa\
\xa5\xd4P\x84\x81\xc7\xf7\x11=\xd5\x9f\xf7\xe7\x94\xe8\x1e\
%\xd2\xa9\x9d'\x10\xabL8oZ\x82\xfb\xc3k\xb4\
\xe45E\xdev!\xe2/\xc8\x03\x18O\xf4\xdc\x08\x97\
\x7f~\x90\xd6\x87\xb7`mu\xd3\xf2\xc5\xcd\x84O\x0d\
\xb2\xe6\x07wO8\xd6;\xfaN7\xce\xf5\x1eL\xb5\
6\x06^<\x9d\xf5\x12,\xcd.\x5c\x1b\x1b\xb5\x15\x87\
p\x92D\x9f\x96\x0e|\xa6X\xc2l\x10|\xe7\x1c\xd6\
\xe5\x8b@\x14pn[\xc6\xe0S\x85\x15G\x19C\xaa\
2cn\xad\xc5\xe4qa[\xady<r$\x81h\
3\xe1\xba}\xd5\xec\x8c\xee3 \x08\x99\xe6\xe7R\xfc\
c\x0d\x95!~\xf7\xdd+\xa9\xff\x5cG\xe9\x97W\xc1\
\xff\xd2\xc4D\x18y\x7f\xe9\x8b!O\x9f\x5cw,/\
\xaa\xbd\xf4H\x84\xee\xef\xfe\x069\x94(\xd8H+\xd1\
$\xfe\xd7N\xa3\xaaP\xff\xe9b\x9fM\xe1\xab2E\
\x1f\x8f\xbb\xf4\x9f\xefQ\xff\xe1\x15X\x9b]\xb4<\xb2\
\x15T\xf5\x8a\xf8\xbf\xf9\x12\x03\xff\xa7e\xf4\x19\x9fO\
 rf\x88\xc8\x19-B;y\xc5\xc1\xb9\xde3%\
\x960\x17^B\xda\x1f%z\xaa\x17\xdb\xdaFL\x8d\
n,\xad\xb5\xc4/\xcd|.A\x90D\x0cn\x1b\xb5\
\xf7n\x9c\x92\xbc!qq\x98\xd4P\x98\xf8\xf9Y\x18\
\xdd\x0b\xe5Z\x12\xbf P\xf7\xd9\x8d\xd4\x7f\xb6\xa3\xac\
iH\xf8\xc0e\x12\x97F++\xfe1r\xf4\xc9\xd6\
\xdeXT\x13C\xbf<\x5c\x94\xf8\xc7\xbfo(eu\
\xa1@\xf1S\x8a\x01P\x12i\xde\xff\xfek\xac\xff\xf1\
}\x88\x99B\x0eY\xf1\x17\x90\xce+\xdf\x8a\xc3|x\
\x09\xc1w\xcfa]\xe5\xc9D\xf0\x97\x11\xef\xd6\x0c\x80\
h2f\x83x\xb9\xe6\xee&\xaf\xeb\x8a\xf8U\x95\xd4\
p\x84\xc4\xc5!\x02o\xcf\xe1\x9e\xff\xe9(V\xfc%\
\xbb\xc8\xe3\xaf9\xee\xb5\x00\xf1\xdb6xi\xf8\xd2\xd6\
\x92\xd7\xfc\xb3\xa80\xfc\xcb#\xd3\xff\xd2\x97\xda\xb5\x1c\
}\x12\x8c\x12&\xaf\xab\xa8\xfb\x0bw\xfaJ\x9e\x9eY\
W\x94\xb6)\xaa\x10\xf1S\x8a\x01 3\x8a\xab\x8a\x8a\
\x909\xec\xd2\xf7\xab\x13E\xe5\xf2\x9b\x8c\x1cI\xce\x8b\
\x97 \x87\xe2D\x8e\xf9\xb0oh\xc1\xb8\xc8I\xfd'\
\xb7b\xac\xa9\x02I$rL\x9b\x8bM\x9e\xbb+\xb1\
$U7h\x91\xea\xd4p\x98\xc1'\xdf\xbb\xb2\xf9\xe4\
j\xa0T\xf1Wx\x94\xccu\x1dc\x83\x9d\xaa\xad-\
8o_BUGq\xa3h>\x82\xaf\x9f%\xd65\
0\xe5ZS\xc4_\x8e\x11\x18\xd7\x9e\xc1m-*\x05\
\x98\x92H\xa1\xa6\xd2%\x89\xdf\xe4q\x96\x94\x19h\xe2\
T0\xbf\xf8)\xc5\x00\xd4\xdc\xb2\x98\xb5\x7f\xf7\xb1\xac\
\xf8\x01\xea>\xb0\x8c\x0b\xff\xb6\x8f\xd4He\xf6\xf7\xcf\
\x95\x97 Z\x8d$.\x0eS\xb5\xae\x09A\x12'X\
\xf6\xaa\xf5\xcd\x04\xde8C\xfc\xec@v\xee.\x9a\x0c\
4|f\x9b\xf6 e\x85\xd1\xdf\x1e\xbf\xba\xc4\xcf\xdc\
\x8b\xdf\xb2\xa2\x16\xef\xd7\xb6\xe7lC\x10\xb5\xa2\x98\x06\
\xb7\x05C\x8d\x0d\xa3\xd7Q\xfa\x85r G\x92\x0c\xfc\
L\x8b\xdd\xcc\x85\xf8\x01DSq\x91y\xd1lD\xb2\
\x1a\xb5s\xfdEN\xcf\xea\x1e\xd8X\xfa\x1c\xad\x00\xf1\
S\xac\x01\x18\x13\xbfh\xd2\xe6\xfc\xfd\xbf>\x89\xe7\xe3\
k1\xba,,}\xf4\x16\xba\xbe\xf9ri7[\x00\
\xe5x\x090\xfd\xba{\xb2\xc7\x8f\xb9\xa5\x06%\x9e\x22\
=\x1c\xc6\xd4X\x8d \x89\xb8n^Nz(\x94=\
\x91\xe5\xbesu\xd6\xf5\x0f\xbes\x8e\xd4Ph\xd6\xfa\
[2\xa5\x88\xbf\x0c\x03`\x5cd\xa7\xfa\xde\xd5\xa57\
P**\xf4\xfd\xf8\x0d\xd2\xa3\xb1\xc2\xc4_J\x1fs\
x3\xd9\x84\xa3E\xb4a\xefh!\xf8\xf6\xb9+\x8d\
\xe4\xba\xafI\xef\xbb\xef\x5c\x89mm\x89^R\x81\xe2\
\xa7\x18\x030Y\xfcZ\xc0O\x8b\xf0\xbb\xb74\xb3\xe8\
\x9e5\xf4\xbf\xd0\x85\xff\xdd\xa9k\xe0\xb3A./\xc1\
\xe00k^B\xb3\x0bK\x933\xeb%\x98\xeb\xacM\
\xae\xb55\xd9=\xf3r Fl H:\x18\xcbf\
e\x95\xac&\xd2A\xedp\x90}C\x0b\xae\xed\xab\x10\
L\x12\xb5\xf7nb\xf8\xb9C\x88V\x13\xd6L^\xc1\
d\xaf\x9f\xd0\xc1\x8b\xd3\xde\xdf\xbc\x90M\x082\xf6Z\
\x84\xf8\xcb\x0c\x01\xcc5#\xcf\x1d'\xb4\xef\xd2\xec\x89\
\x7f\xec\x8b\x93\x9e\x9d\x1c\x89\xa3\xa6\x95\xa2\x0a\x99\xd6~\
b#\xb1\xb3\x83\xa4\x06\xc3\xb9\xefk\xd2\xcf\xc9u\xeb\
2\xea\x1e\xd8T\xeaM\x17,~\x00C\xf5\xcd\xad\xc4\
}A\x12\xbd\xa1\xbc\xa9\xb9r\x8a?3\xe7?\xf3\xbd\
\xd7\xd8\xbc{'\xa2Ib\xc5_\xde\xc9\x81\x07we\
\xd3\x8a\xcd5\xe9P\x82p\xd7 \xe1.\xed\xe4\xa2 \
\x0a\x98=\x0e\xaa\xb7z\x03R2\x84\x1c\x8c\xe7<\xd0\
\xa4\xa6d\xd2\xa9+'\x03\xc3\x9d\xdd\xa8\xb2\x82\xfb\xce\
5\x9a\x11\xb8\xaf\x03\x14%\xfb\x7fG_:1g\xb9\
\x0cfD\x10\x90\xecf\x0cN+\xc9\xe3\x11Q\xf1\xa7\
\xb2\xefk\xaf\x13\xffy=\x88?\xf4\xd6\x05\x06\x1e\xdf\
_\x84\xf8\xcbq\xa3'=;\x15R\x03!L\x8d\x85\
\x07\x02%\x87\x85\xe6\xbf\xb8\x8b\xe1g;\x09\xbds~\
R\xf1\x8e+?'c\x9d\x9d\xda{\xdb\xb1oj\xad\
\x5cLf\x06\x0c\xce\x0d\xde)\xaes\xdc\x17$\xee\x0b\
\x92\xf2\xc7\xa6\x15?@\xec\xe2\xa8\xb67\xe0\x0f\xb7j\
{\x03\x1e\xde\xc2\xc5\x7f\xaf|\x92\xcfRP\x15\x95x\
O\x10\xff\xbb\xe9p\xcdj{Q\xdf\x8d\x1c\xf3\x01h\
F\xc0 f\x87\xd7\xc0\x9e.\xd2\x819\xcce0\x09\
\xc1(]\xd9d\xe4\xb4bpX@\xd2*\x1c\x85\x0d\
\x99\xc4-\xd7\xb1\xf8#\x07}\xf4\xfc\xe3\x1e\x84\x09\x95\
\x90\x0b;\xfeZ\x0a\xb9\x82w\x91\xa3=E\x19\x002\
\xfbF\x1a\x1e\xba\x91\xba\x076\x12\xed\xea'\xd9\x1b@\
\x89\xa7\x10M\x06$\xa7\x05\xcb\xd2:\xccM\xd5\x95\xfb\
y\x14\xd8\x8e\xe1\xe2O\xdeA4IX\x9a\x5cZ\xc9\
n\x8f\x03\xc7:\x0f\x92\xc5\x80d3R\x7f\xd7\xcal\
\xd4\xff\xf4\xb7_\xc9\x19\xed\xbf\xf4\xd3\xf7\xa8\xfb\xd0r\
l\x8b\xabi\xf9\xe2f\x06_:3}]\xbek\x84\
\xc81\x1f\xe6\xa6j\xac+3;\xd4T5;M\x98\
\x132\xf5\x0b\xc7\x96 \x0d\xae+\xc7\x7f\x95H\x92t\
 F\xb4\xd7\x8f\x1c\x8a#G\x12\xc8\xa1\x84R\x92\xf8\
\xaf\x11#\x10x\xf5}\xfa\xfe\xf5-\x18\xf3\xe2\x8a\x11\
\x7f\xc91\x80\xa9\xaez\xf0\x8d\xb3T\xdf\xb5\xba\xa4\x00\
\x9dh3a\xdf\xd4\x02\x9bf/\xebv1}5\x90\
\xc9\xce\x1b=?B\xf4\xbc&ZA\x14\xb0\xb6U\xd3\
\xfe\x93\x07\xb2\xdb{\x03\x07|8\xd7{\xb04:4\
/\xa1;@\xbc/Dr(\x8a\x92\x949\xf3\xddW\
i\xff\xc9\x03\x88F\x89\x15\x8f\xed\xa0\xf3\xcbO_=\
nr\x89\x18\x5cV,m\xe3\xd6\xa9\x05\x81\xda{7\
2\xfc\xdca\x12\x97+\x9f\xe6K0\x88\x99\xb3\xfec\
\xfb\x0e2\x81\xca\xb1\xfa\x85\x83!\xd2\xef\xf7#\xfb\xa3\
\xb9\xcfV\x94,\xfe2\x97\x01g\x19UV\x18z\xe2\
0\xc3O\x1d\xb9r\x9bE\xf4\xa9\xfcm\xce\x13\x9fm\
\xb2'@\xf0\xed\xf3Eo\x07.\x09U[J\x9c\xad\
CG9\x83\x80\xaa\x0am_\xdd\x96\xcd\xde{\xf1?\
\xde\xe5\xf2\xe3\x07&x\x09u\x1f^\x81d1 G\
\x92\xc4{C$\xfaB\x8c\xec\xbd@\xed\xedKpm\
j\xc4\xf3\xf15\xf4\xfd\xea\xc4\xac\xdc\xf4\x9c \x0aT\
\xdf\xb5\x0e\xc1\xa4\x9dM\x8f\x1c\xf3QuC\x13\x82A\
\xaa\x8c\x11(`t\x8f\x9d\xe9\xcf\x8e\xee\x85\xb7\x9bm\
~\xdc\xbf\xaf]\xf1\xa7\xfaB\xf4\xfc\xd3\x1eb]\x83\
%\xf5\xa9\xd2\xe2\x1f{\x1d\xfa\x9f\x03\xd8V{\xcaJ\
_V\x08\xfe\xd7\xbb0\xb7\xd6`]Z\xe6\x86\xa9<\
\xe44\x00M\x0f\xb6S\xb7C\xcbl\x138\xe8\xa3\xfb\
\xa7\xef\xa1*\xea\x14/\xc1Xk\xc3\xe2q`iq\
a_]O:\x18GI\xca\x88&\x89e_\xdbN\
\xbc7D\xf4\xfc\x08\xc9\xa1\xe85\xe7\x0d86\xb7a\
\xf2h\xf3\xbc\xe8\xc9\x1e\xfc\xaf\x9e$5\x18\xcc\xc4\x04\
\x8a7\x02e\x8f\xee\x05]$\xf3R\x8aPJ\xbb\xe2\
\xac\xa1$\xd2\x8c<{\x9c\x91g\x8f\xa2\xc4'o\xa4\
)R\xfce\x05\x02\xa7\x8a\x1f@\x8e\xa6\xf0\xfd\xc3+\
4}\xfd\x83\x18\xdc\xb3c\x04\x22G.3\xf2|'\
\xde\xaf\xee\x98\x95\xf6\xc9e\x00\xeck\x1aX\xf2'\xb7\
\x02\x90\x1c\x89r\xf2\xaf_\xcc\xf9\x0b9~\x19.x\
\xb4\x0f2ICb\xbe m_\xb9\x09\xc9fb\xf1\
Wn\x22zvx\x82\x97\x10\xeb\x0e\x10\xbf\x1c\x98\xb5\
b \x95\xc0\xd8\xe0\xc4y\xa3\xe6\xde\xc9\xc1\x18\xfe=\
\xa7aJ`p\x1a#0[\xa3{\x01\xcc\xf9(Y\
a\x94h\x8a\xc0\xef\xdeg\xf8\x99\xa3\xa43\x1b\xcb*\
\x22\xfe\x92b\x00\xb9\xc5?\xf6~r \x84\xef\xef_\
\xa1\xf1\xd1\x1d\x18\xeb\x8b\x0b2\xcfD\xf8\xe0E\x06\x9e\
x\x17u\x96\xcf\xc7\x19\x00\x19\x90\x00$[\xa6`\xe7\
X\xc4\xff\x1b/\x91\x1c,<\xa9\xa5\x92\x94\xe9\xfe\xaf\
\xfdx\xee]\x83\xa5\xd1\x89\xad\xad\x9a\xd3\xdfz\x19\xa3\
\xcb\x92\xf5\x12jnk\x03\x15\x92\xc3\x91)\xb1\x84\xab\
\xc1K\x10$\x91\x9a\x0f\xad\xd5r\xfa\xab*\xa3/\x9f\
@M^Ic\x169\xe6C\x90$\x5c\xdbWjF\
\xe0c\x1b\x19~\xa1\x139\x92\x98\xdd\xd1\xbd\x90{'\
\xc7\x16\xd0\xa2\x842?\xa8\xb2B\xecD?\xa1\xb7.\
\x12x\xfd,J45\xbd\x90\xe7B\xfcc\xe4\x11?\
\x99\xbd\xfd\xa9\x81\x10\xdd\x7f\xfb\x025\xf7m\xc0\xbdc\
e\xd9\xd6TM\xca\x0c\xbfp\x84\xc0\xde\xd3s1=\
K\x1b\x80a\xa0\x81L\x0a\xaf\xb1\x82\x9d\xdd\x8f\x1f`\
t\xdf\xa5\xa2[T\xd3\x0a\xdd\x8f\x1f`\xc5c;0\
\xba,\xd4\xdc\xd6\x86o\xd7\xe1\x09^\xc2L\xb1\x84\xf9\
\xf4\x12\x9c\xb7\xae\xc0P\xabY\xf3\xf0\xa1KS\xf3\x04\
\x08\x02\xb1\xf7\xfb\x91\x9c\x16\xec\x1bZ\x11L\x12u\xf7\
n$vn\x90\xf4HdVG\xf7\x82\x98k\x17\xb9\
\x04\xe4P\x82\xe4\xe5\x00\xb1\xaeAb]\x03D\x8f\xf6\
fN\xcb\x95\x1f\xc4,\xf4\x10LQ\xe4\x11\xff\xd8\xdf\
\x95D\x9a\xa1'\x0f\x12\xdaw\x1e\xf7\x07Wa\xefh\
-:\xaf\xa1\x9a\x96\x09\x1f\xeaf\xe47\xc7\xb4D!\
s3=\xeb3\x80:\x00B\x83\xf7\x13\xebh\xb8{\
\x15\x00\xc1c}e\xad\xe5\xf7\xff\xefIZ\x1e\xde\x82\
\xc5\xe3\xa0\xe5\x0b\x9b\xe9}\xea\x18J\xa6bK\xae\x15\
\x87\xc9\xb1\x84\xf9\xf2\x12\xcc-5\xd8\xdb\xb5\xe5\x99\xf4\
H\x84\xe0\xbe\xb3\xd3\xce\xddc\xe7\x06\xb0.k\x80\xcc\
9\x82\xc0\xde\xd3\xf3#\xfa\x09\x94&\x94\xd0\xbeK\xa4\
\x06#\xb9\x05\x93o\xaa\x90/\xa3\xd0\xa4\xf7\x95pB\
KZ\x1aJ\x92\x1a\x8cL\xda\x17\x9f\xfb;\x95\x16\x7f\
\xecd?\xbd?\xda\x93\xdf+\xc8\xd1o5\x99\xcey\
\x7f\xf9\x0e\xf6$.\x8f\xd2\xff\xf8>\x86\x9e>D\xd5\
\xfa&,\xcb\xea\xb1,\xa9\xc3X[5\xc5 \xa8\xb2\
Bj(L\xd27J\xb4\xab\x9f\xe8\x09\x1fr$\x99\
\xb3O\xa3\xbf=\x8e8V~\xbc\x00k\xa0*\x05\xcf\
\x1bz\x0c \x9c\xb5-\xadY\xb7\xf4\xcf\xb6\x03\x90\x0a\
\xc69\xf5W/\x96u\xecVI\xc9\xf8~q\x88e\
_\xbf\x1dS\xad\x0d\xcf\xc7\xd7\xd0\xf3\xe4\xd1<7\x9b\
;\x960\xd7^\x82h6P\xfd\xa1\xb5\xda\x03VT\
\xa2]}86\xb7\xcd8ww\xdd\xb6\x02\xfb\xa6\xc5\
Hv\x0b\xb5\xf7ld\xf0\xe9\xfd\xf3x@\xa8t\xa1\
$\xbb\x03WJ\x5c\x0b3}g\xe6\xf9\xf1tB\x99\
k\xf1\x03\xa4\x86\xc2\xa4\x86\xc3s\xd2'9\x9c \xb8\
\xef<\xc1}\xe7\xb3\xef\x8b&\x09\xc9f\x02\x83\x88\x12\
Ok\xc7\xcd'lf\xca\xdf\xa7\xd8\xb9\x81\xcay3\
\xe3\x10T\x0e\x1b\x0cV\xc3kk\xbe\x7f\xf7}\x92\xe5\
J\xd5\x9exO\xf9I2{\x9f9N\xcb#[0\
\xd5\xd8h\xfe\xc2f\xfa\x9e=Q\xb0X\xe7\xcaK\x18\
?\xba;6k\x22&\xb3\xd7_I\xa6\x91C\xf1\x19\
\xe7\xee\x817\xcf U\x99\xb1\xae\xf4`lpP\xf3\
{\xeb\x19~\xbesn*\x01O\xa6\x12.\xf2u(\
\xfe\xab\xa1OjJ\xcel\x22\x9b\xc7\xa9\xcc$\x14A\
x\xd6\xd0p\xff\x0d\xfb\xab\x96j\x95L|\xbb;\x19\
~\xad2\xc5,\x94D\x9a\xcb\xbf8\xc4\xd2Go\xc5\
\xe2\xd1r\x06\x96\xba/\xa0\x5c/\x01\x9862/\x88\
\x22&\x8f\x1b\x80\xd4`\x88\xc1g\x0e\x16>\xd5Pa\
\xf4\x95\x13H\x0e+&\xaf\x0bK[\x1d\xee;V\xcf\
j\xe9\xb1\xbc\x5c\x07B\x99r\x7fz\x9ffE\xfc\xc0\
\xa0\x1a\xad\xfa\x9d\x01x#zqt@\x8e\xa6\x1a.\
\xfc\xf8\xad\x8a^\xa1\xf7\xc9\xa34\x7f\xae\x03S\xb5\x95\
\x96G\xb6\xd0\xff\xebSe\x95~\x1eO./\xc1T\
W\xa5\x9d\x04ltb_\xd3\x90\xf5\x12\x0cU\x06\x8f\
\xbb\xa3\x1eDm\xcf|:\x10%\xd1\xebG\x0e\xc6\x90\
#I\x1a\xfe\xe0F\xed\xe1**\xa3\xaf\x14\x7f\xd0G\
M+\x0c?\xdfI\xfd\xa7\xb7bpY\xa9Z\xd7D\
\xda\x1f!|\xa8\xf8 j\xa9\x08\xa2\x80(\x09(\xba\
P\xae\xef>U\x08A\xe5\xdb\x82 '\xa4/\xaf\xff\
$\xaa\x82\xf5\xdc\x0f_\xdf\x91\x1a\xad\xec>w5\xad\
 \x9a%\xdc[\x9a1:-\xc4\xba\xfdD\xce\xcc\x9c\
w\xaf\xb4\x8bi9\x03\x12\xbd!\x22\xa7\x87\x08\x1c\xf0\
\x11\xd8\xef#v\xc9\x8fh\x12.\x9bL\x8a'\xf6\xfe\
\x00\xf1\xf3\x83\xa4\x06B\xc8\xc1\x18J\x22\x8dcs\x1b\
\xd6\x15\x8b \x13\xf5\x8f\x9e*\xad\x12\xb2\x9a\x96I\x5c\
\x1c\xc6\xb6\xca\x83`\x90\xb0\xb4\xd4\x90\x1e\x8e\x90\x1e\x9d\
\x9d\xda\x80\x92\xdd\x8c\xa5\xb5\x96\xaa\xb5M8\xb7-\xc3\
}\xfb*b\xc7\x06\x82\xa9\xbeH\x8d.\x94\xeb\xb4O\
\x15B\x85\x93q\x1b\x7f$#\xca\x06\x80\xdeW\xdf\xf8\
^\xc3=\x1b\x1eN\x8f\xc6\x96\xc4|A\xe2\xbe\x00q\
_0\x1b\xb9/\x87\x9e':i~h\x13\x06\x87\x99\
\xd6G\xb62\xf8\x9b\xd3sV#@\x8e\xa5\x88\x9c\x1d\
F\x89\xc6\x82\xaeV\xd3\x94\xcf\x0d.\x1b\x8e-K\xb4\
\xff\x1b\x8c\x97]\xcb/\xed\x8f2\xf2|'\xb5\xf7w\
 H\x22\xd5w\xadC~\xe6\x00\xc9\xbe\xe2j\xbcO\
F\x90D\x8c\xf5\x0eL\x1e\x17&\xaf\x1b\xb3\xd7\x95\x99\
\xbeLD\x15\x10t\xa1\x5c\xa7}\xaa\x1c!\x15\xf1\xd3\
\x82\xac&U\x14m'\xa0\xc3\xbb2=\xfcJ\xd7\x03\
\xd6\xb6\xbawmK\xaaM5\xb7\xb4\x22H\x22)\x7f\
\x5cK\xb3\xd5\x17\x22\xde\xed'\xde\x17.\xda=N\x87\
\x93\xf4<y\x94\xd6G\xb6`k\xab\xa6\xee\x03\xcb\x18\
|y\x8eKf\xe7\xc1\xbdcu6\xb1\x83\x7f\xcf\xa9\
\x8aD\xef\x13=~F_:N\xcdG\xd6#\x18D\
j\xef\xd9\xc0\xe0\x93\xef\x15U\x89X\xb2\x9b5\xb1{\
\xdc\x98\x1a\xdd\x98\xea\xecZ\xcd\xf7\x5c\xa8 \x87b$\
z\xfc\xa4\x06#\xa9\x05/\x94\xeb\xb1O\x95#\x22\x08\
\xc2\xa7\x04U=.*\xa0\x8c\x19\x00\x00\xe7\xe6\xd6\xce\
\x9e\xdd\x9d_\x07\xfeY4I\x98\x17\xd91{\x9dX\
\x9b]\xd4\xdc\xb2\x18\xc9\xb6\x1c%)\x93\x18\x08\x13\xbf\
\x1c\xc8\x06\xd8\xe4\xd8\xf4%\xb0\x00|\xff}\x88\xa6\x07\
\xdb\x91l&Z\x1e\xd9\xca\xe0+g\xe7}\xd7\x9fm\
\x95\x17s\x8b\x16\xfc\x8c\x9d\xee'~~\xa8bm\xc7\
\xce\xf4\x13t\xd9p\xde\xbc\x0c\xd1j\xa2\xf6\xbe\x0e\x06\
\x9f|\x0f%\x96#\x9d\x94(`t\xdb4\xa1{\xdd\
\x98<\xaei\xf7\x96\xabiY[?\xee\x0f\x92\xec\xf1\
\x93\xf0\x8df\xdb\x95\xc3\x09eA\x0b\xe5z\xecS\xe5\
\xf0\xa1\x8a\xf7\xab\xa8\xfbU\xb4\x81C@\x9dx\x16\xa0\
q\xe7\x86\x1f\xf5\xee>R\xaf$\xe5\xbf\x89uk\x22\
\x1fK\xf1ep\x98\xb14kQwK\xb3\x0b\xf7\xd6\
\xe6\x82\xbd\x84T N\xefS\xc7h\xfe\x5c\x07\xf6\x95\
u\xd4nocxOa\x15\x86g\x03\xd1l\xc4u\
\x9bV\xb7PM\xa6\x09\xbcy\xba\xe2\xd7\x08\xed?\x8f\
d7S\xb5\xbe\x19\x83\xcbJ\xedG\xdb\x19z\xf6 \
\xa2\xc5\x88\xb1\xc1\x89\xa9\xde\x81\xa9\xb9\x1a\x93\xc75m\
\x09(%\x96$\xe1\xf3\x93\xec\xf1\x93\x1c\x0c\x92\xea\x0b\
\xe4\x9fB-d\xa1\x5c\x8f}\xaa\x0c\x09\xe0_LI\
\xbe\x03\xca\x88\x22\xaa\xc8\x99\x0b+j\x8e\xc3@\xde\x9d\
\xed\xdf\xe8\xdd}XV\x11\xbe1.\xcb\x9c\x96n\xeb\
\xe4\x00\xe1\x93Z\x0a\xe6b\xbd\x84\xee\x9f\x1f\xc2\xfb\xfb\
\xedHf\x03\x8b\xbf|#\xc3{/\xcc\x9b\x17\xe0\xba\
mE\xb6\x94W\xe0\xcd\xf7\x91\xc3\xb3\xb3{\xcf\xbf\xa7\
\x0b\x83\xd3\x8ayq-\xa6F7\xde/\xdd\x91=^\
\x9c\x0b5-gG\xf6d_\x80d\x9f\x965\xa6\x18\
\x16\xa4P\xae\xc7>\x95\x87\x0a\x1c\x10T\x9eE\x96~\
\x01\x5cL\x89\x13?\x95\xd2\xda\x01\xa0\x9c\xc7\x81\xbd;\
7~\xcb\xb7\xfb\xf0\x1e\x01a\x17\x90\xb3`\x9b\x92\x94\
)\xd6K\x18}\xeb\x22u;\x96a_\xdd@\xcb\xe7\
;\x18z\xed\x9c\x96\xb5w\x0e\x0d\x81\xb9\xa9\x1a\xdb\x1a\
-\xdbj\xb27@\xe4\xb8oV\xae#\x9a\x0dH\x0e\
\x0b\xd1\xae^\x8cuv\xc4*\xf3D\xf1\xab\xdaI\xc3\
D\xaf\x9fd\xaf&\xf8\xd4p\xa4\x94gqIPy\
[\x15x[U\x95\xa3\x02\x828\xd6~\xde\x94\xaf*\
`\xc8w\x1d\x83\xf6y.;5\xf6\x15)G\xfd\x93\
\xbc\xd7S\xb3/\x86\x09\x9fO|\x16\xd3^oB\xdb\
\xea\xc4\xcf\x0d\xb9\xbe0\xf9\xb3\x1c7\x96\xe3\x9a\xea\x94\
\xeb\xa9S\xbf3\xb1\x13\x13\x9b\x98\xe9\x99\xe7\xed\xa3:\
\xfdw\x0bDPI\xa2\x0a\xfd6%~\x19\xd0\x96\x9f\
f0(\xc2\xfe\x9d\xbb\xf2~8\xb4\xfb\xbd\x9a\x04\xe6\
G\x05\xd4?\x05\x9c\xc5\xde\xd0d/\xc1\xbe\xba\x1e\xcf\
\xfd7L\xa8)\x90\x0e%\x08\x1e\xed#\xd8\xd9K\xf0\
h\x1f\xa1c}\xc8\xd1\xe2F\xbd\x99\xb0zm{\x97\
~~\xcdvA\x12ix\xf0&\x0c5U\xa0\xa8\x0c\
<\xf1Nf{h\x99\x8c%\xe6t_9/ Z\
L +\xc8\xe18JJ\xc6\xd1\xb1\x98t0>q\
t\x9f\xa1\x84x\x0eR\xc0\x11A\x10\xdeTT\x0e\x18\
du/0\x7fs)\x9dk\x9ei\x0d\x00\x9a\x11 \
\x8a\xd4`D|\x10\x84\xfbU\xb8=\x8f-+\x88\xe5\
\x7f~\x07\xdeO\xad\x9f`\x04\xc6\xa3**\xb1K~\
\x02\x07}\x04\x8f\xf4\x11<\xdaW\xb6\x970f\x00\x1c\
[\x97\xe0\xdc\xa6%:\x09\x1d\xb8@\xf0\xad\xd2V#\
\xc6F\xf7lrN\x87e\xc2&\xa3t \x86\x1c\x8c\
\x93\x0e\xc5\xca\xdd\x12\xdc\x8b\xc0\x01P\xdf@\x15\xde\x14\
\xad\x91\xfd\xc0\xfc\x95U\xd6\xb9\xee\x98\xd1\x00L\xa6{\
\xf7\xbbn\x11\xcb6`\x9b\x80z\xb3\x007\xa9PT\
\x8aT\xc9j\xa4jU=\x8e5\xf5\xb865\xe1\xda\
\xdc\x84q\x9a\x22\x88r,E\xe8x?\x81\x83>\xc2\
\xa7\x06\x09\x1c\xee!\x1d,|\xden\xf5\xda\xf6\xae|\
t\xf3\xf6\x86\xcflC\x90D\xe4`\x9c\xfe]o\x17\
\xb6\xec7\xc3\xe8\x9e\x0e\xc5I\x07b\xa4G#\xe5.\
#\xea\xa3\xbb\xce\x9cS\xb4\x01\xc8E\xdf\xee#KU\
\xd4\xdbT\x84\xcd\xa0\xde\x0al\x1a\x1f@,\x04S}\
\x15\xae\x0d^\x9c\x1b\x1bq\xac[\x84}uC\xb6\xf8\
\xe8dTE%~9@\xf0X\x1f\xc1\xc3\xbd\x04\x0e\
\xf7\x10\xbb0\x9a7:n\xf5\xda\xf6\xde\xf8\xf4C\xdb\
\xc7\x96\xfd\x86\x9f;L\xfcB\xeee?}t\xd7Y\
HT\xc4\x00L\xc6\xb7\xfb\xb0CD\xd8\xa0\x22\xdc\x0a\
\xdc\x06\xea\xcd@QU\x0e+\xe9%,\xfd\xe3\x9b\x8e\
/\x7f\xec\xce\x1b\x00b\xa7\xfb\x18y\xf1\x98\xf6%}\
t\xd7Y\xe0\xcc\x8a\x01\xc8E%\xbc\x04k\x8b\x0b\xc7\
z\x0f\xceu\x1e\x9c\x9b\x1a\xa9ZV[P,\xc1\xfb\
\xc9\x1b\xfc\x96EUn%\x91f\xe4\x85#\x88f\x83\
>\xba\xeb\xe8\xcc\xa5\x01\x98L\xa5\xbc\x04\xfb\x9a\x06\x9c\
\x1b\xbc8\xdb=8\xdb\xbd9\xbd\x04\xc9i\x0e\x1bm\
\x92=\xd9\xe3'5\x18\x22\x1d\x8a#\x07c\xda\xe8\x1e\
\x88\xea\xa3\xbb\xce\x82e\xde\x0c@.*\x1dKp\xae\
\xf7P\xb5\xaa\x1ec\x8d5,\xc4\xe3\xf6\xa1\xe7\x0e#\
\x87\xe2\xe5\xee;\xd0Gw\x9d\xeb\x86\xab\xca\x00L\xa6\
R^B\xc3G\x96\x1fj\xd8Z\xbb\xa9\x84\xb2^\x13\
FwIH\xef\x01.\x14\xdb\x88\x8e\xce\xd5\xcaUm\
\x00rQ\x8a\x970\xb6\x0f\xa0\x80\xe6\xf5\xd1]gA\
Q\xe6\xe6\xc3\xb9\xc7\xb3\xb3\xfd\x1cp\x0e\xf8\x19\xe5y\
\x09\xd3\x8f\xee\x02\x10\xcf\xbf\xea\xa0\xa3s=p\xcd\x19\
\x80\xc94\xed\xdc\x18\x02\xde\xc8\xfc\xf9\x019\xbc\x04U\
@\x9dnt/y[\xa3\x8e\xce5\xce57\x05(\
\x05\xeb\x91\xd3& \xc7a|\x1d\x9d\x85MQ\x11\xf6\
k\x18]\xfc::9\xb8\xe6\xa7\x00\x85\x10k_9\
\xdf\xb7\xa0\xa3sU\xb2P<\x00\x1d\x1d\x9d\x1c\xe8\x06\
@Gg\x01\xa3\x1b\x00\x1d\x9d\x05\x8cn\x00tt\x16\
0\xba\x01\xd0\xd1Y\xc0\xe8\x06@Gg\x01\xa3\x1b\x00\
\x1d\x9d\x05\x8cn\x00tt\x160\xba\x01\xd0\xd1Y\xc0\
\xe8\x06@Gg\x01\xa3\x1b\x00\x1d\x9d\x05\x8cn\x00t\
t\x160\xba\x01\xd0\xd1Y\xc0\xe8\x06@Gg\x01\xa3\
\x1b\x00\x1d\x9d\x05\xcc\xff\x03#\xf6\xe7\xa9\x0a\xf8\xb2G\
\x00\x00\x00\x00IEND\xaeB`\x82\
"

qt_resource_name = b"\
\x00\x06\
\x06\x8a\x9c\xb3\
\x00a\
\x00s\x00s\x00e\x00t\x00s\
\x00\x0b\
\x0c\xa7\xc5\x87\
\x00i\
\x00n\x00b\x00o\x00u\x00n\x00d\x00.\x00p\x00n\x00g\
\x00\x08\
\x0b\xd7Y\x07\
\x00l\
\x00e\x00f\x00t\x00.\x00p\x00n\x00g\
\x00\x09\
\x0c\xa8\xa5\x87\
\x00r\
\x00o\x00u\x00t\x00e\x00.\x00p\x00n\x00g\
\x00\x0d\
\x0e+\xec\x07\
\x00d\
\x00r\x00a\x00g\x00g\x00a\x00b\x00l\x00e\x00.\x00p\x00n\x00g\
\x00\x0d\
\x03\x95\x87\x87\
\x00a\
\x00c\x00c\x00o\x00r\x00d\x00i\x00o\x00n\x00.\x00p\x00n\x00g\
\x00\x0c\
\x06\x9e\x05\x87\
\x00o\
\x00u\x00t\x00b\x00o\x00u\x00n\x00d\x00.\x00p\x00n\x00g\
\x00\x0b\
\x08\xad\xb8\x87\
\x00d\
\x00i\x00a\x00g\x00r\x00a\x00m\x00.\x00p\x00n\x00g\
\x00\x0e\
\x01h\xc4\xa7\
\x00t\
\x00r\x00a\x00i\x00n\x00_\x00t\x00y\x00p\x00e\x00.\x00p\x00n\x00g\
\x00\x08\
\x00HY'\
\x00l\
\x00i\x00n\x00e\x00.\x00p\x00n\x00g\
\x00\x0c\
\x07o\x84\x7f\
\x00a\
\x00p\x00p\x00_\x00i\x00c\x00o\x00n\x00.\x00i\x00c\x00o\
"

qt_resource_struct = b"\
\x00\x00\x00\x00\x00\x02\x00\x00\x00\x01\x00\x00\x00\x01\
\x00\x00\x00\x00\x00\x00\x00\x00\
\x00\x00\x00\x00\x00\x02\x00\x00\x00\x0a\x00\x00\x00\x02\
\x00\x00\x00\x00\x00\x00\x00\x00\
\x00\x00\x00\xf8\x00\x00\x00\x00\x00\x01\x00\x00\x11?\
\x00\x00\x01\x9fi\xa8\xd4\xa0\
\x00\x00\x00\xd6\x00\x00\x00\x00\x00\x01\x00\x00\x0c\xff\
\x00\x00\x01\xa0=\xce\x0a\xfc\
\x00\x00\x00|\x00\x00\x00\x00\x00\x01\x00\x00\x07F\
\x00\x00\x01\xa08\xeb\x8f\x90\
\x00\x00\x00\x9c\x00\x00\x00\x00\x00\x01\x00\x00\x08\xbc\
\x00\x00\x01\xa0=\xe7\xbf\x87\
\x00\x00\x01\x0e\x00\x00\x00\x00\x00\x01\x00\x00\x14\xd0\
\x00\x00\x01\x9e\x89\x17\x93\xec\
\x00\x00\x00\xba\x00\x00\x00\x00\x00\x01\x00\x00\x0ad\
\x00\x00\x01\x9fi4\xed\xca\
\x00\x00\x00.\x00\x00\x00\x00\x00\x01\x00\x00\x01\xab\
\x00\x00\x01\xa0=\x82e?\
\x00\x00\x00\x12\x00\x00\x00\x00\x00\x01\x00\x00\x00\x00\
\x00\x00\x01\xa0=\xe7Mn\
\x00\x00\x00D\x00\x00\x00\x00\x00\x01\x00\x00\x034\
\x00\x00\x01\x9fiD&\x86\
\x00\x00\x00\x5c\x00\x00\x00\x00\x00\x01\x00\x00\x06=\
\x00\x00\x01\xa0>\x16\xaf\xfd\
"

def qInitResources():
    QtCore.qRegisterResourceData(0x03, qt_resource_struct, qt_resource_name, qt_resource_data)

def qCleanupResources():
    QtCore.qUnregisterResourceData(0x03, qt_resource_struct, qt_resource_name, qt_resource_data)

qInitResources()
